domain,model,item_id,K,K_gpt,K_gem,K_disagree,ic_1,ic_2,ic_3,ic_4,benefit_2_1,benefit_4_1
medical,gpt_4o,medqa_2712,0.8500000000000001,0.8,0.9,0.09999999999999998,False,False,False,True,0,1.0
medical,gpt_4o,medqa_2007,0.8,0.8,0.8,0.0,True,False,False,True,-1,0.0
medical,gpt_4o,medqa_407,0.8,0.8,0.8,0.0,False,False,False,False,0,0.0
medical,gpt_4o,medqa_2248,0.8,0.8,0.8,0.0,False,False,False,False,0,0.0
medical,gpt_4o,medqa_4268,0.8500000000000001,0.9,0.8,0.09999999999999998,False,False,False,False,0,0.0
medical,gpt_4o,medqa_1785,0.9,0.8,1.0,0.19999999999999996,False,False,False,False,0,0.0
medical,gpt_4o,medqa_1184,0.8500000000000001,0.8,0.9,0.09999999999999998,True,False,False,False,-1,-1.0
medical,gpt_4o,medqa_4938,0.9,0.8,1.0,0.19999999999999996,False,True,True,True,1,1.0
medical,gpt_4o,medqa_1710,0.8500000000000001,0.8,0.9,0.09999999999999998,False,True,False,False,1,0.0
medical,gpt_4o,medqa_4712,0.75,0.6,0.9,0.30000000000000004,False,True,True,False,1,0.0
medical,gpt_4o,medqa_3731,0.7,0.6,0.8,0.20000000000000007,False,False,False,False,0,0.0
medical,gpt_4o,medqa_2654,0.95,0.9,1.0,0.09999999999999998,False,False,False,False,0,0.0
medical,gpt_4o,medqa_17,0.9,0.8,1.0,0.19999999999999996,True,False,True,False,-1,-1.0
medical,gpt_4o,medqa_3990,0.8500000000000001,0.8,0.9,0.09999999999999998,True,True,True,False,0,-1.0
medical,gpt_4o,medqa_3355,0.8,0.8,0.8,0.0,False,False,False,False,0,0.0
medical,gpt_4o,medqa_911,0.9,0.9,0.9,0.0,False,False,False,False,0,0.0
medical,gpt_4o,medqa_2471,0.8,0.8,0.8,0.0,True,False,False,False,-1,-1.0
medical,gpt_4o,medqa_1047,0.8500000000000001,0.8,0.9,0.09999999999999998,False,False,True,False,0,0.0
medical,gpt_4o,medqa_4477,0.8500000000000001,0.8,0.9,0.09999999999999998,True,True,False,False,0,-1.0
medical,gpt_4o,medqa_3535,0.8500000000000001,0.8,0.9,0.09999999999999998,True,True,True,False,0,-1.0
medical,gpt_4o,medqa_2834,0.7,0.6,0.8,0.20000000000000007,False,False,False,True,0,1.0
medical,gpt_4o,medqa_1422,0.75,0.6,0.9,0.30000000000000004,False,False,False,False,0,0.0
medical,gpt_4o,medqa_3288,0.9,0.8,1.0,0.19999999999999996,False,False,False,False,0,0.0
medical,gpt_4o,medqa_3739,0.8500000000000001,0.8,0.9,0.09999999999999998,True,True,False,False,0,-1.0
medical,gpt_4o,medqa_507,0.7,0.6,0.8,0.20000000000000007,False,True,False,False,1,0.0
medical,gpt_4o,medqa_3454,0.8500000000000001,0.8,0.9,0.09999999999999998,False,True,True,True,1,1.0
medical,gpt_4o,medqa_124,0.9,0.9,0.9,0.0,False,False,False,False,0,0.0
medical,gpt_4o,medqa_201,0.8500000000000001,0.9,0.8,0.09999999999999998,True,False,False,False,-1,-1.0
medical,gpt_4o,medqa_750,0.9,0.9,0.9,0.0,True,False,True,True,-1,0.0
medical,gpt_4o,medqa_3449,0.9,0.9,0.9,0.0,True,True,False,False,0,-1.0
medical,gpt_4o,medqa_2088,0.8,0.8,0.8,0.0,False,False,False,False,0,0.0
medical,gpt_4o,medqa_4802,0.8,0.8,0.8,0.0,False,False,False,False,0,0.0
medical,gpt_4o,medqa_541,0.65,0.5,0.8,0.30000000000000004,False,False,False,False,0,0.0
medical,gpt_4o,medqa_4285,0.9,0.9,0.9,0.0,False,False,False,False,0,0.0
medical,gpt_4o,medqa_2042,0.8500000000000001,0.8,0.9,0.09999999999999998,False,False,False,False,0,0.0
medical,gpt_4o,medqa_1894,0.8500000000000001,0.8,0.9,0.09999999999999998,False,False,False,False,0,0.0
medical,gpt_4o,medqa_149,0.8500000000000001,0.8,0.9,0.09999999999999998,False,False,False,True,0,1.0
medical,gpt_4o,medqa_94,0.95,0.9,1.0,0.09999999999999998,False,False,False,False,0,0.0
medical,gpt_4o,medqa_4788,0.8500000000000001,0.9,0.8,0.09999999999999998,True,False,False,False,-1,-1.0
medical,gpt_4o,medqa_4920,0.8500000000000001,0.8,0.9,0.09999999999999998,False,False,True,False,0,0.0
medical,gpt_4o,medqa_1465,0.9,0.9,0.9,0.0,False,False,False,False,0,0.0
medical,gpt_4o,medqa_1608,0.9,0.9,0.9,0.0,False,False,False,True,0,1.0
medical,claude_sonnet_4_6,medqa_1608,0.9,0.9,0.9,0.0,False,True,True,False,1,0.0
medical,gpt_4o,medqa_4748,0.7,0.6,0.8,0.20000000000000007,True,False,True,False,-1,-1.0
medical,gpt_4o,medqa_3339,0.9,0.9,0.9,0.0,False,False,False,False,0,0.0
medical,gpt_4o,medqa_2521,0.8500000000000001,0.8,0.9,0.09999999999999998,False,False,False,False,0,0.0
medical,gpt_4o,medqa_4225,0.8500000000000001,0.8,0.9,0.09999999999999998,True,True,True,True,0,0.0
medical,gpt_4o,medqa_848,0.8,0.8,0.8,0.0,True,False,False,True,-1,0.0
medical,gpt_4o,medqa_1543,0.8500000000000001,0.8,0.9,0.09999999999999998,False,False,False,False,0,0.0
medical,gpt_4o,medqa_1045,0.8500000000000001,0.8,0.9,0.09999999999999998,False,False,False,False,0,0.0
medical,gpt_4o,medqa_1840,0.8,0.8,0.8,0.0,False,False,False,False,0,0.0
legal,gpt_4o,legalbench_privacy_policy_qa_2783,0.75,0.8,0.7,0.10000000000000009,True,True,False,False,0,-1.0
legal,claude_sonnet_4_6,legalbench_privacy_policy_qa_2783,0.75,0.8,0.7,0.10000000000000009,True,True,True,True,0,0.0
legal,gpt_4o,legalbench_privacy_policy_qa_989,0.8,0.8,0.8,0.0,True,False,True,True,-1,0.0
legal,claude_sonnet_4_6,legalbench_privacy_policy_qa_989,0.8,0.8,0.8,0.0,True,True,True,True,0,0.0
legal,gpt_4o,legalbench_privacy_policy_qa_1603,0.8,0.8,0.8,0.0,False,False,True,False,0,0.0
legal,claude_sonnet_4_6,legalbench_privacy_policy_qa_1603,0.8,0.8,0.8,0.0,True,True,True,False,0,-1.0
legal,gpt_4o,legalbench_privacy_policy_qa_2174,0.8500000000000001,0.9,0.8,0.09999999999999998,True,True,True,False,0,-1.0
legal,claude_sonnet_4_6,legalbench_privacy_policy_qa_2174,0.8500000000000001,0.9,0.8,0.09999999999999998,True,True,True,True,0,0.0
legal,gpt_4o,legalbench_privacy_policy_qa_1402,0.8,0.8,0.8,0.0,True,True,False,False,0,-1.0
legal,claude_sonnet_4_6,legalbench_privacy_policy_qa_1402,0.8,0.8,0.8,0.0,True,True,True,False,0,-1.0
legal,gpt_4o,legalbench_privacy_policy_qa_1149,0.8500000000000001,0.8,0.9,0.09999999999999998,False,False,False,False,0,0.0
legal,claude_sonnet_4_6,legalbench_privacy_policy_qa_1149,0.8500000000000001,0.8,0.9,0.09999999999999998,True,True,True,True,0,0.0
legal,gpt_4o,legalbench_privacy_policy_qa_2907,0.8500000000000001,0.8,0.9,0.09999999999999998,True,False,False,False,-1,-1.0
legal,claude_sonnet_4_6,legalbench_privacy_policy_qa_2907,0.8500000000000001,0.8,0.9,0.09999999999999998,True,True,True,True,0,0.0
legal,gpt_4o,legalbench_privacy_policy_qa_1803,0.8500000000000001,0.8,0.9,0.09999999999999998,False,False,False,False,0,0.0
legal,claude_sonnet_4_6,legalbench_privacy_policy_qa_1803,0.8500000000000001,0.8,0.9,0.09999999999999998,True,True,True,False,0,-1.0
legal,gpt_4o,legalbench_privacy_policy_qa_2056,0.75,0.8,0.7,0.10000000000000009,False,False,False,False,0,0.0
legal,claude_sonnet_4_6,legalbench_privacy_policy_qa_2056,0.75,0.8,0.7,0.10000000000000009,True,True,True,True,0,0.0
legal,gpt_4o,legalbench_privacy_policy_qa_446,0.8,0.8,0.8,0.0,True,True,True,False,0,-1.0
legal,claude_sonnet_4_6,legalbench_privacy_policy_qa_446,0.8,0.8,0.8,0.0,True,True,True,True,0,0.0
legal,gpt_4o,legalbench_privacy_policy_qa_2393,0.8,0.8,0.8,0.0,True,True,False,True,0,0.0
legal,claude_sonnet_4_6,legalbench_privacy_policy_qa_2393,0.8,0.8,0.8,0.0,True,True,True,True,0,0.0
legal,gpt_4o,legalbench_rule_qa_36,1.0,1.0,1.0,0.0,True,True,True,True,0,0.0
legal,claude_sonnet_4_6,legalbench_rule_qa_36,1.0,1.0,1.0,0.0,True,True,True,True,0,0.0
legal,gpt_4o,legalbench_privacy_policy_qa_1977,0.8,0.8,0.8,0.0,False,True,True,False,1,0.0
legal,claude_sonnet_4_6,legalbench_privacy_policy_qa_1977,0.8,0.8,0.8,0.0,True,True,False,False,0,-1.0
legal,gpt_4o,legalbench_privacy_policy_qa_893,0.8,0.8,0.8,0.0,True,False,False,False,-1,-1.0
legal,claude_sonnet_4_6,legalbench_privacy_policy_qa_893,0.8,0.8,0.8,0.0,True,True,True,True,0,0.0
legal,gpt_4o,legalbench_privacy_policy_qa_1826,0.8,0.8,0.8,0.0,True,False,False,True,-1,0.0
legal,claude_sonnet_4_6,legalbench_privacy_policy_qa_1826,0.8,0.8,0.8,0.0,True,True,True,False,0,-1.0
legal,gpt_4o,legalbench_contract_nli_explicit_identification_132,0.8,0.8,0.8,0.0,False,False,False,False,0,0.0
legal,claude_sonnet_4_6,legalbench_contract_nli_explicit_identification_132,0.8,0.8,0.8,0.0,False,False,False,False,0,0.0
legal,gpt_4o,legalbench_privacy_policy_qa_2884,0.8,0.8,0.8,0.0,False,False,True,True,0,1.0
legal,claude_sonnet_4_6,legalbench_privacy_policy_qa_2884,0.8,0.8,0.8,0.0,True,False,True,False,-1,-1.0
legal,gpt_4o,legalbench_privacy_policy_qa_1237,0.8,0.8,0.8,0.0,False,True,True,False,1,0.0
legal,claude_sonnet_4_6,legalbench_privacy_policy_qa_1237,0.8,0.8,0.8,0.0,True,True,True,True,0,0.0
legal,gpt_4o,legalbench_privacy_policy_qa_2605,0.8500000000000001,0.8,0.9,0.09999999999999998,True,True,True,False,0,-1.0
legal,claude_sonnet_4_6,legalbench_privacy_policy_qa_2605,0.8500000000000001,0.8,0.9,0.09999999999999998,True,True,True,True,0,0.0
legal,gpt_4o,legalbench_privacy_policy_qa_2817,0.8,0.8,0.8,0.0,True,False,False,False,-1,-1.0
legal,claude_sonnet_4_6,legalbench_privacy_policy_qa_2817,0.8,0.8,0.8,0.0,True,True,False,True,0,0.0
legal,gpt_4o,legalbench_privacy_policy_qa_445,0.8,0.8,0.8,0.0,False,False,True,False,0,0.0
legal,claude_sonnet_4_6,legalbench_privacy_policy_qa_445,0.8,0.8,0.8,0.0,True,True,True,True,0,0.0
legal,gpt_4o,legalbench_privacy_policy_qa_2976,0.8,0.8,0.8,0.0,True,True,False,False,0,-1.0
legal,claude_sonnet_4_6,legalbench_privacy_policy_qa_2976,0.8,0.8,0.8,0.0,True,True,True,True,0,0.0
legal,gpt_4o,legalbench_privacy_policy_qa_1185,0.8,0.8,0.8,0.0,True,True,False,False,0,-1.0
legal,claude_sonnet_4_6,legalbench_privacy_policy_qa_1185,0.8,0.8,0.8,0.0,True,False,False,False,-1,-1.0
legal,gpt_4o,legalbench_privacy_policy_qa_556,0.8,0.8,0.8,0.0,True,False,False,True,-1,0.0
legal,claude_sonnet_4_6,legalbench_privacy_policy_qa_556,0.8,0.8,0.8,0.0,True,True,False,True,0,0.0
legal,gpt_4o,legalbench_privacy_policy_qa_2422,0.8,0.8,0.8,0.0,True,True,True,False,0,-1.0
legal,claude_sonnet_4_6,legalbench_privacy_policy_qa_2422,0.8,0.8,0.8,0.0,True,True,True,True,0,0.0
legal,gpt_4o,legalbench_privacy_policy_qa_1635,0.8,0.8,0.8,0.0,True,False,True,True,-1,0.0
legal,claude_sonnet_4_6,legalbench_privacy_policy_qa_1635,0.8,0.8,0.8,0.0,True,True,True,True,0,0.0
legal,gpt_4o,legalbench_privacy_policy_qa_2974,0.8,0.8,0.8,0.0,True,True,True,True,0,0.0
legal,claude_sonnet_4_6,legalbench_privacy_policy_qa_2974,0.8,0.8,0.8,0.0,True,True,True,True,0,0.0
legal,gpt_4o,legalbench_privacy_policy_qa_1584,0.8500000000000001,0.8,0.9,0.09999999999999998,False,False,True,True,0,1.0
legal,claude_sonnet_4_6,legalbench_privacy_policy_qa_1584,0.8500000000000001,0.8,0.9,0.09999999999999998,True,True,True,True,0,0.0
legal,gpt_4o,legalbench_privacy_policy_qa_285,0.8,0.8,0.8,0.0,False,True,False,False,1,0.0
legal,claude_sonnet_4_6,legalbench_privacy_policy_qa_285,0.8,0.8,0.8,0.0,True,True,False,True,0,0.0
legal,gpt_4o,legalbench_privacy_policy_qa_1501,0.8,0.8,0.8,0.0,True,False,False,True,-1,0.0
legal,claude_sonnet_4_6,legalbench_privacy_policy_qa_1501,0.8,0.8,0.8,0.0,True,True,True,True,0,0.0
legal,gpt_4o,legalbench_privacy_policy_qa_2375,0.8,0.8,0.8,0.0,True,False,False,True,-1,0.0
legal,claude_sonnet_4_6,legalbench_privacy_policy_qa_2375,0.8,0.8,0.8,0.0,True,True,True,True,0,0.0
legal,gpt_4o,legalbench_privacy_policy_qa_1844,0.8,0.8,0.8,0.0,False,True,True,False,1,0.0
legal,claude_sonnet_4_6,legalbench_privacy_policy_qa_1844,0.8,0.8,0.8,0.0,True,False,False,False,-1,-1.0
legal,gpt_4o,legalbench_privacy_policy_qa_1906,0.8,0.8,0.8,0.0,True,False,False,False,-1,-1.0
legal,claude_sonnet_4_6,legalbench_privacy_policy_qa_1906,0.8,0.8,0.8,0.0,True,True,False,False,0,-1.0
legal,gpt_4o,legalbench_privacy_policy_qa_1012,0.8,0.8,0.8,0.0,True,False,False,False,-1,-1.0
legal,claude_sonnet_4_6,legalbench_privacy_policy_qa_1012,0.8,0.8,0.8,0.0,True,True,True,True,0,0.0
legal,gpt_4o,legalbench_privacy_policy_qa_2231,0.8,0.8,0.8,0.0,False,True,False,False,1,0.0
legal,claude_sonnet_4_6,legalbench_privacy_policy_qa_2231,0.8,0.8,0.8,0.0,True,False,False,True,-1,0.0
legal,gpt_4o,legalbench_privacy_policy_qa_1449,0.8,0.8,0.8,0.0,False,True,False,False,1,0.0
legal,claude_sonnet_4_6,legalbench_privacy_policy_qa_1449,0.8,0.8,0.8,0.0,True,True,True,True,0,0.0
legal,gpt_4o,legalbench_privacy_policy_qa_2362,0.8,0.8,0.8,0.0,False,False,False,False,0,0.0
legal,claude_sonnet_4_6,legalbench_privacy_policy_qa_2362,0.8,0.8,0.8,0.0,True,True,True,False,0,-1.0
legal,gpt_4o,legalbench_privacy_policy_qa_1729,0.75,0.8,0.7,0.10000000000000009,False,False,False,False,0,0.0
legal,claude_sonnet_4_6,legalbench_privacy_policy_qa_1729,0.75,0.8,0.7,0.10000000000000009,True,True,True,False,0,-1.0
legal,gpt_4o,legalbench_privacy_policy_qa_2744,0.8,0.8,0.8,0.0,True,True,True,False,0,-1.0
legal,claude_sonnet_4_6,legalbench_privacy_policy_qa_2744,0.8,0.8,0.8,0.0,True,True,True,True,0,0.0
legal,gpt_4o,legalbench_privacy_policy_qa_1420,0.8,0.8,0.8,0.0,False,False,False,False,0,0.0
legal,claude_sonnet_4_6,legalbench_privacy_policy_qa_1420,0.8,0.8,0.8,0.0,True,True,True,True,0,0.0
legal,gpt_4o,legalbench_privacy_policy_qa_2781,0.8500000000000001,0.8,0.9,0.09999999999999998,True,False,False,False,-1,-1.0
legal,claude_sonnet_4_6,legalbench_privacy_policy_qa_2781,0.8500000000000001,0.8,0.9,0.09999999999999998,True,True,True,True,0,0.0
legal,gpt_4o,legalbench_privacy_policy_qa_2980,0.8,0.8,0.8,0.0,True,False,True,True,-1,0.0
legal,claude_sonnet_4_6,legalbench_privacy_policy_qa_2980,0.8,0.8,0.8,0.0,True,True,True,True,0,0.0
legal,gpt_4o,legalbench_privacy_policy_qa_631,0.8,0.8,0.8,0.0,True,False,False,False,-1,-1.0
legal,claude_sonnet_4_6,legalbench_privacy_policy_qa_631,0.8,0.8,0.8,0.0,True,True,False,True,0,0.0
legal,gpt_4o,legalbench_privacy_policy_qa_1127,0.75,0.8,0.7,0.10000000000000009,True,True,True,False,0,-1.0
legal,claude_sonnet_4_6,legalbench_privacy_policy_qa_1127,0.75,0.8,0.7,0.10000000000000009,True,False,True,False,-1,-1.0
legal,gpt_4o,legalbench_privacy_policy_qa_2592,0.8500000000000001,0.8,0.9,0.09999999999999998,False,True,False,False,1,0.0
legal,claude_sonnet_4_6,legalbench_privacy_policy_qa_2592,0.8500000000000001,0.8,0.9,0.09999999999999998,True,True,True,False,0,-1.0
legal,gpt_4o,legalbench_privacy_policy_qa_2271,0.8,0.8,0.8,0.0,True,False,False,False,-1,-1.0
legal,claude_sonnet_4_6,legalbench_privacy_policy_qa_2271,0.8,0.8,0.8,0.0,True,False,True,False,-1,-1.0
legal,gpt_4o,legalbench_privacy_policy_qa_2966,0.8,0.8,0.8,0.0,True,False,True,False,-1,-1.0
legal,claude_sonnet_4_6,legalbench_privacy_policy_qa_2966,0.8,0.8,0.8,0.0,True,True,True,True,0,0.0
legal,gpt_4o,legalbench_privacy_policy_qa_2971,0.8,0.8,0.8,0.0,False,False,False,False,0,0.0
legal,claude_sonnet_4_6,legalbench_privacy_policy_qa_2971,0.8,0.8,0.8,0.0,True,False,False,True,-1,0.0
legal,gpt_4o,legalbench_privacy_policy_qa_1938,0.75,0.7,0.8,0.10000000000000009,False,False,False,False,0,0.0
legal,claude_sonnet_4_6,legalbench_privacy_policy_qa_1938,0.75,0.7,0.8,0.10000000000000009,True,True,True,True,0,0.0
legal,gpt_4o,legalbench_privacy_policy_qa_2536,0.8,0.8,0.8,0.0,False,False,True,False,0,0.0
legal,claude_sonnet_4_6,legalbench_privacy_policy_qa_2536,0.8,0.8,0.8,0.0,True,True,True,True,0,0.0
logic,gpt_4o,philosophy_test_103,0.6,0.5,0.7,0.19999999999999996,True,True,False,,0,
logic,claude_sonnet_4_6,philosophy_test_103,0.6,0.5,0.7,0.19999999999999996,False,False,False,False,0,0.0
logic,gpt_4o,moral_scenarios_test_584,0.15,0.3,0.0,0.3,True,False,True,,-1,
logic,claude_sonnet_4_6,moral_scenarios_test_584,0.15,0.3,0.0,0.3,False,True,True,True,1,1.0
logic,gpt_4o,moral_scenarios_validation_31,0.15,0.3,0.0,0.3,False,True,True,True,1,1.0
logic,claude_sonnet_4_6,moral_scenarios_validation_31,0.15,0.3,0.0,0.3,False,True,False,False,1,0.0
logic,gpt_4o,moral_scenarios_test_872,0.15,0.3,0.0,0.3,False,True,False,,1,
logic,claude_sonnet_4_6,moral_scenarios_test_872,0.15,0.3,0.0,0.3,False,False,False,False,0,0.0
logic,gpt_4o,logical_fallacies_test_31,0.5,0.5,0.5,0.0,False,False,False,,0,
logic,claude_sonnet_4_6,logical_fallacies_test_31,0.5,0.5,0.5,0.0,False,False,False,False,0,0.0
logic,gpt_4o,moral_scenarios_test_285,0.15,0.3,0.0,0.3,False,False,False,,0,
logic,claude_sonnet_4_6,moral_scenarios_test_285,0.15,0.3,0.0,0.3,False,False,False,False,0,0.0
logic,gpt_4o,moral_scenarios_test_424,0.05,0.0,0.1,0.1,True,False,True,,-1,
logic,claude_sonnet_4_6,moral_scenarios_test_424,0.05,0.0,0.1,0.1,True,False,True,True,-1,0.0
logic,gpt_4o,logical_fallacies_test_88,0.6,0.5,0.7,0.19999999999999996,False,False,False,,0,
logic,claude_sonnet_4_6,logical_fallacies_test_88,0.6,0.5,0.7,0.19999999999999996,False,True,True,True,1,1.0
logic,gpt_4o,moral_scenarios_validation_70,0.15,0.3,0.0,0.3,True,False,True,False,-1,-1.0
logic,claude_sonnet_4_6,moral_scenarios_validation_70,0.15,0.3,0.0,0.3,False,True,True,True,1,1.0
logic,gpt_4o,moral_scenarios_test_845,0.2,0.4,0.0,0.4,False,True,False,,1,
logic,claude_sonnet_4_6,moral_scenarios_test_845,0.2,0.4,0.0,0.4,False,False,False,False,0,0.0
logic,gpt_4o,moral_scenarios_test_291,0.15,0.3,0.0,0.3,True,False,True,,-1,
logic,claude_sonnet_4_6,moral_scenarios_test_291,0.15,0.3,0.0,0.3,True,True,True,True,0,0.0
logic,gpt_4o,logical_fallacies_validation_17,0.6,0.5,0.7,0.19999999999999996,False,True,True,,1,
logic,claude_sonnet_4_6,logical_fallacies_validation_17,0.6,0.5,0.7,0.19999999999999996,True,True,True,True,0,0.0
logic,gpt_4o,moral_scenarios_test_37,0.2,0.4,0.0,0.4,False,True,False,False,1,0.0
logic,claude_sonnet_4_6,moral_scenarios_test_37,0.2,0.4,0.0,0.4,False,False,False,False,0,0.0
logic,gpt_4o,moral_scenarios_test_763,0.0,0.0,0.0,0.0,False,True,False,,1,
logic,claude_sonnet_4_6,moral_scenarios_test_763,0.0,0.0,0.0,0.0,False,False,False,False,0,0.0
logic,gpt_4o,moral_scenarios_validation_38,0.15,0.3,0.0,0.3,False,True,False,,1,
logic,claude_sonnet_4_6,moral_scenarios_validation_38,0.15,0.3,0.0,0.3,False,False,False,False,0,0.0
logic,gpt_4o,moral_scenarios_test_795,0.0,0.0,0.0,0.0,True,True,True,True,0,0.0
logic,claude_sonnet_4_6,moral_scenarios_test_795,0.0,0.0,0.0,0.0,True,True,True,True,0,0.0
logic,gpt_4o,logical_fallacies_test_11,0.5,0.5,0.5,0.0,True,False,True,,-1,
logic,claude_sonnet_4_6,logical_fallacies_test_11,0.5,0.5,0.5,0.0,False,False,False,False,0,0.0
logic,gpt_4o,moral_scenarios_test_493,0.05,0.0,0.1,0.1,False,False,False,False,0,0.0
logic,claude_sonnet_4_6,moral_scenarios_test_493,0.05,0.0,0.1,0.1,False,False,False,True,0,1.0
logic,gpt_4o,moral_scenarios_test_694,0.25,0.3,0.2,0.09999999999999998,False,False,False,,0,
logic,claude_sonnet_4_6,moral_scenarios_test_694,0.25,0.3,0.2,0.09999999999999998,True,True,False,False,0,-1.0
logic,gpt_4o,moral_scenarios_test_601,0.0,0.0,0.0,0.0,True,True,True,,0,
logic,claude_sonnet_4_6,moral_scenarios_test_601,0.0,0.0,0.0,0.0,False,True,True,True,1,1.0
logic,gpt_4o,moral_scenarios_test_402,0.15,0.3,0.0,0.3,False,False,True,False,0,0.0
logic,claude_sonnet_4_6,moral_scenarios_test_402,0.15,0.3,0.0,0.3,False,False,False,False,0,0.0
logic,gpt_4o,moral_scenarios_test_821,0.0,0.0,0.0,0.0,False,True,True,,1,
logic,claude_sonnet_4_6,moral_scenarios_test_821,0.0,0.0,0.0,0.0,False,False,False,False,0,0.0
logic,gpt_4o,logical_fallacies_test_4,0.55,0.5,0.6,0.09999999999999998,False,False,True,,0,
logic,claude_sonnet_4_6,logical_fallacies_test_4,0.55,0.5,0.6,0.09999999999999998,False,False,False,False,0,0.0
logic,gpt_4o,philosophy_test_137,0.75,0.8,0.7,0.10000000000000009,False,False,False,False,0,0.0
logic,claude_sonnet_4_6,philosophy_test_137,0.75,0.8,0.7,0.10000000000000009,False,False,False,False,0,0.0
logic,gpt_4o,moral_scenarios_test_192,0.2,0.3,0.1,0.19999999999999998,False,True,False,True,1,1.0
logic,claude_sonnet_4_6,moral_scenarios_test_192,0.2,0.3,0.1,0.19999999999999998,False,False,False,False,0,0.0
logic,gpt_4o,philosophy_test_53,0.65,0.5,0.8,0.30000000000000004,False,False,True,False,0,0.0
logic,claude_sonnet_4_6,philosophy_test_53,0.65,0.5,0.8,0.30000000000000004,False,False,False,False,0,0.0
logic,gpt_4o,moral_scenarios_test_252,0.0,0.0,0.0,0.0,False,False,False,False,0,0.0
logic,claude_sonnet_4_6,moral_scenarios_test_252,0.0,0.0,0.0,0.0,False,False,False,False,0,0.0
logic,gpt_4o,moral_scenarios_test_77,0.15,0.3,0.0,0.3,False,False,False,,0,
logic,claude_sonnet_4_6,moral_scenarios_test_77,0.15,0.3,0.0,0.3,True,True,True,True,0,0.0
logic,claude_sonnet_4_6,moral_scenarios_test_741,0.15,0.3,0.0,0.3,False,False,False,False,0,0.0
logic,gpt_4o,moral_scenarios_test_842,0.15,0.3,0.0,0.3,False,False,False,,0,
logic,claude_sonnet_4_6,moral_scenarios_test_842,0.15,0.3,0.0,0.3,False,False,False,False,0,0.0
logic,gpt_4o,moral_scenarios_test_270,0.0,0.0,0.0,0.0,False,True,False,,1,
logic,claude_sonnet_4_6,moral_scenarios_test_270,0.0,0.0,0.0,0.0,False,False,False,False,0,0.0
logic,gpt_4o,moral_scenarios_test_647,0.0,0.0,0.0,0.0,False,False,False,True,0,1.0
logic,claude_sonnet_4_6,moral_scenarios_test_647,0.0,0.0,0.0,0.0,False,True,True,True,1,1.0
logic,gpt_4o,moral_scenarios_test_385,0.0,0.0,0.0,0.0,False,True,False,True,1,1.0
logic,claude_sonnet_4_6,moral_scenarios_test_385,0.0,0.0,0.0,0.0,False,False,False,False,0,0.0
logic,gpt_4o,logical_fallacies_test_1,0.5,0.5,0.5,0.0,False,False,False,True,0,1.0
logic,claude_sonnet_4_6,logical_fallacies_test_1,0.5,0.5,0.5,0.0,False,False,True,True,0,1.0
logic,gpt_4o,moral_scenarios_test_564,0.5,0.5,0.5,0.0,False,True,True,True,1,1.0
logic,claude_sonnet_4_6,moral_scenarios_test_564,0.5,0.5,0.5,0.0,False,False,False,False,0,0.0
logic,gpt_4o,moral_scenarios_test_611,0.15,0.3,0.0,0.3,False,True,True,,1,
logic,claude_sonnet_4_6,moral_scenarios_test_611,0.15,0.3,0.0,0.3,False,False,False,False,0,0.0
logic,gpt_4o,moral_scenarios_test_264,0.0,0.0,0.0,0.0,False,False,False,,0,
logic,claude_sonnet_4_6,moral_scenarios_test_264,0.0,0.0,0.0,0.0,False,False,False,False,0,0.0
logic,gpt_4o,moral_scenarios_test_816,0.15,0.3,0.0,0.3,False,True,False,,1,
logic,claude_sonnet_4_6,moral_scenarios_test_816,0.15,0.3,0.0,0.3,False,False,False,False,0,0.0
logic,gpt_4o,moral_scenarios_test_820,0.15,0.3,0.0,0.3,True,True,False,,0,
logic,claude_sonnet_4_6,moral_scenarios_test_820,0.15,0.3,0.0,0.3,False,False,False,False,0,0.0
logic,gpt_4o,moral_scenarios_test_40,0.2,0.3,0.1,0.19999999999999998,False,True,False,,1,
logic,claude_sonnet_4_6,moral_scenarios_test_40,0.2,0.3,0.1,0.19999999999999998,False,False,False,False,0,0.0
logic,gpt_4o,logical_fallacies_test_30,0.6,0.5,0.7,0.19999999999999996,False,False,False,False,0,0.0
logic,claude_sonnet_4_6,logical_fallacies_test_30,0.6,0.5,0.7,0.19999999999999996,False,False,False,False,0,0.0
logic,gpt_4o,moral_scenarios_test_327,0.15,0.3,0.0,0.3,False,True,True,True,1,1.0
logic,claude_sonnet_4_6,moral_scenarios_test_327,0.15,0.3,0.0,0.3,False,False,False,False,0,0.0
logic,gpt_4o,philosophy_test_23,0.5,0.5,0.5,0.0,False,True,False,False,1,0.0
logic,claude_sonnet_4_6,philosophy_test_23,0.5,0.5,0.5,0.0,False,False,False,False,0,0.0
logic,gpt_4o,moral_scenarios_test_212,0.15,0.3,0.0,0.3,False,False,False,,0,
logic,claude_sonnet_4_6,moral_scenarios_test_212,0.15,0.3,0.0,0.3,False,False,False,False,0,0.0
logic,gpt_4o,moral_scenarios_test_10,0.0,0.0,0.0,0.0,True,True,False,False,0,-1.0
logic,claude_sonnet_4_6,moral_scenarios_test_10,0.0,0.0,0.0,0.0,False,True,True,True,1,1.0
logic,gpt_4o,moral_scenarios_test_479,0.35,0.3,0.4,0.10000000000000003,False,False,False,,0,
logic,claude_sonnet_4_6,moral_scenarios_test_479,0.35,0.3,0.4,0.10000000000000003,True,False,False,False,-1,-1.0
logic,gpt_4o,moral_scenarios_test_627,0.2,0.3,0.1,0.19999999999999998,False,False,True,,0,
logic,claude_sonnet_4_6,moral_scenarios_test_627,0.2,0.3,0.1,0.19999999999999998,False,True,True,True,1,1.0
logic,gpt_4o,logical_fallacies_test_80,0.6,0.5,0.7,0.19999999999999996,False,False,False,,0,
logic,claude_sonnet_4_6,logical_fallacies_test_80,0.6,0.5,0.7,0.19999999999999996,False,False,False,False,0,0.0
logic,gpt_4o,moral_scenarios_test_143,0.2,0.3,0.1,0.19999999999999998,False,True,False,,1,
logic,claude_sonnet_4_6,moral_scenarios_test_143,0.2,0.3,0.1,0.19999999999999998,False,False,False,False,0,0.0
logic,gpt_4o,moral_scenarios_test_639,0.0,0.0,0.0,0.0,False,False,False,,0,
logic,claude_sonnet_4_6,moral_scenarios_test_639,0.0,0.0,0.0,0.0,False,False,False,False,0,0.0
long_context,gpt_4o,quality_train_1317,0.15,0.3,0.0,0.3,False,False,False,False,0,0.0
long_context,claude_sonnet_4_6,quality_train_1317,0.15,0.3,0.0,0.3,False,False,False,False,0,0.0
long_context,gpt_4o,quality_train_909,0.15,0.3,0.0,0.3,False,False,False,False,0,0.0
long_context,claude_sonnet_4_6,quality_train_909,0.15,0.3,0.0,0.3,False,False,False,False,0,0.0
long_context,gpt_4o,quality_train_2486,0.15,0.3,0.0,0.3,False,False,False,False,0,0.0
long_context,claude_sonnet_4_6,quality_train_2486,0.15,0.3,0.0,0.3,False,False,False,False,0,0.0
long_context,gpt_4o,quality_train_1046,0.15,0.3,0.0,0.3,False,False,False,False,0,0.0
long_context,claude_sonnet_4_6,quality_train_1046,0.15,0.3,0.0,0.3,False,False,False,False,0,0.0
long_context,gpt_4o,quality_train_1510,0.0,0.0,0.0,0.0,False,False,False,False,0,0.0
long_context,claude_sonnet_4_6,quality_train_1510,0.0,0.0,0.0,0.0,False,False,False,False,0,0.0
long_context,gpt_4o,quality_train_922,0.15,0.3,0.0,0.3,False,False,False,False,0,0.0
long_context,claude_sonnet_4_6,quality_train_922,0.15,0.3,0.0,0.3,False,False,False,False,0,0.0
long_context,gpt_4o,quality_train_186,0.1,0.2,0.0,0.2,False,False,False,False,0,0.0
long_context,claude_sonnet_4_6,quality_train_186,0.1,0.2,0.0,0.2,False,False,False,False,0,0.0
long_context,gpt_4o,quality_train_1325,0.15,0.3,0.0,0.3,False,False,False,False,0,0.0
long_context,claude_sonnet_4_6,quality_train_1325,0.15,0.3,0.0,0.3,False,True,True,False,1,0.0
long_context,gpt_4o,quality_train_1590,0.15,0.3,0.0,0.3,False,False,False,False,0,0.0
long_context,claude_sonnet_4_6,quality_train_1590,0.15,0.3,0.0,0.3,False,False,False,False,0,0.0
long_context,gpt_4o,quality_train_1903,0.15,0.3,0.0,0.3,False,False,False,False,0,0.0
long_context,claude_sonnet_4_6,quality_train_1903,0.15,0.3,0.0,0.3,False,False,False,False,0,0.0
long_context,gpt_4o,quality_train_1652,0.15,0.3,0.0,0.3,False,False,True,True,0,1.0
long_context,claude_sonnet_4_6,quality_train_1652,0.15,0.3,0.0,0.3,True,True,False,False,0,-1.0
long_context,gpt_4o,quality_train_712,0.2,0.4,0.0,0.4,False,False,False,False,0,0.0
long_context,claude_sonnet_4_6,quality_train_712,0.2,0.4,0.0,0.4,False,False,False,False,0,0.0
long_context,gpt_4o,quality_train_1862,0.0,0.0,0.0,0.0,False,False,False,False,0,0.0
long_context,claude_sonnet_4_6,quality_train_1862,0.0,0.0,0.0,0.0,False,False,False,False,0,0.0
long_context,gpt_4o,quality_train_1965,0.2,0.3,0.1,0.19999999999999998,False,False,False,False,0,0.0
long_context,claude_sonnet_4_6,quality_train_1965,0.2,0.3,0.1,0.19999999999999998,False,True,True,False,1,0.0
long_context,gpt_4o,quality_train_1297,0.15,0.3,0.0,0.3,False,False,False,False,0,0.0
long_context,claude_sonnet_4_6,quality_train_1297,0.15,0.3,0.0,0.3,False,False,False,False,0,0.0
long_context,gpt_4o,quality_train_1308,0.15,0.3,0.0,0.3,False,False,False,False,0,0.0
long_context,claude_sonnet_4_6,quality_train_1308,0.15,0.3,0.0,0.3,False,False,False,False,0,0.0
long_context,gpt_4o,quality_train_1147,0.15,0.3,0.0,0.3,False,False,False,False,0,0.0
long_context,claude_sonnet_4_6,quality_train_1147,0.15,0.3,0.0,0.3,False,False,False,False,0,0.0
long_context,gpt_4o,quality_train_1524,0.15,0.3,0.0,0.3,False,False,False,False,0,0.0
long_context,claude_sonnet_4_6,quality_train_1524,0.15,0.3,0.0,0.3,False,False,False,False,0,0.0
long_context,gpt_4o,quality_train_2312,0.15,0.3,0.0,0.3,False,False,False,False,0,0.0
long_context,claude_sonnet_4_6,quality_train_2312,0.15,0.3,0.0,0.3,False,True,False,False,1,0.0
long_context,gpt_4o,quality_train_1502,0.0,0.0,0.0,0.0,False,False,False,False,0,0.0
long_context,claude_sonnet_4_6,quality_train_1502,0.0,0.0,0.0,0.0,False,True,False,False,1,0.0
long_context,gpt_4o,quality_train_1441,0.15,0.3,0.0,0.3,False,False,False,False,0,0.0
long_context,claude_sonnet_4_6,quality_train_1441,0.15,0.3,0.0,0.3,False,False,False,False,0,0.0
long_context,gpt_4o,quality_train_1427,0.15,0.3,0.0,0.3,False,False,False,False,0,0.0
long_context,claude_sonnet_4_6,quality_train_1427,0.15,0.3,0.0,0.3,False,False,True,False,0,0.0
long_context,gpt_4o,quality_train_46,0.15,0.3,0.0,0.3,False,False,False,False,0,0.0
long_context,claude_sonnet_4_6,quality_train_46,0.15,0.3,0.0,0.3,False,False,False,False,0,0.0
long_context,gpt_4o,quality_train_402,0.15,0.3,0.0,0.3,False,False,False,False,0,0.0
long_context,claude_sonnet_4_6,quality_train_402,0.15,0.3,0.0,0.3,False,False,False,False,0,0.0
long_context,gpt_4o,quality_train_2176,0.15,0.3,0.0,0.3,False,False,False,False,0,0.0
long_context,claude_sonnet_4_6,quality_train_2176,0.15,0.3,0.0,0.3,True,False,False,False,-1,-1.0
long_context,gpt_4o,quality_train_1177,0.15,0.3,0.0,0.3,False,False,False,False,0,0.0
long_context,claude_sonnet_4_6,quality_train_1177,0.15,0.3,0.0,0.3,False,False,False,False,0,0.0
long_context,gpt_4o,quality_train_2300,0.15,0.3,0.0,0.3,False,False,False,False,0,0.0
long_context,claude_sonnet_4_6,quality_train_2300,0.15,0.3,0.0,0.3,False,False,False,False,0,0.0
long_context,gpt_4o,quality_train_964,0.15,0.3,0.0,0.3,False,False,False,False,0,0.0
long_context,claude_sonnet_4_6,quality_train_964,0.15,0.3,0.0,0.3,False,False,False,False,0,0.0
long_context,gpt_4o,quality_train_812,0.15,0.3,0.0,0.3,False,True,False,False,1,0.0
long_context,claude_sonnet_4_6,quality_train_812,0.15,0.3,0.0,0.3,False,True,False,False,1,0.0
long_context,gpt_4o,quality_train_1401,0.15,0.3,0.0,0.3,False,False,False,False,0,0.0
long_context,claude_sonnet_4_6,quality_train_1401,0.15,0.3,0.0,0.3,False,True,False,False,1,0.0
long_context,gpt_4o,quality_train_1974,0.15,0.3,0.0,0.3,False,False,False,False,0,0.0
long_context,claude_sonnet_4_6,quality_train_1974,0.15,0.3,0.0,0.3,True,True,False,False,0,-1.0
long_context,gpt_4o,quality_train_1209,0.15,0.3,0.0,0.3,False,False,False,False,0,0.0
long_context,claude_sonnet_4_6,quality_train_1209,0.15,0.3,0.0,0.3,False,False,False,False,0,0.0
long_context,gpt_4o,quality_train_1659,0.15,0.3,0.0,0.3,False,False,False,False,0,0.0
long_context,claude_sonnet_4_6,quality_train_1659,0.15,0.3,0.0,0.3,False,False,False,False,0,0.0
long_context,gpt_4o,quality_train_1878,0.15,0.3,0.0,0.3,False,False,False,False,0,0.0
long_context,claude_sonnet_4_6,quality_train_1878,0.15,0.3,0.0,0.3,False,False,False,False,0,0.0
long_context,gpt_4o,quality_train_1376,0.15,0.3,0.0,0.3,False,False,False,False,0,0.0
long_context,claude_sonnet_4_6,quality_train_1376,0.15,0.3,0.0,0.3,False,False,False,False,0,0.0
long_context,gpt_4o,quality_train_1506,0.15,0.3,0.0,0.3,False,False,False,False,0,0.0
long_context,claude_sonnet_4_6,quality_train_1506,0.15,0.3,0.0,0.3,False,True,False,False,1,0.0
long_context,gpt_4o,quality_train_1646,0.15,0.3,0.0,0.3,False,False,False,False,0,0.0
long_context,claude_sonnet_4_6,quality_train_1646,0.15,0.3,0.0,0.3,False,False,False,False,0,0.0
long_context,gpt_4o,quality_train_2022,0.15,0.3,0.0,0.3,False,False,False,False,0,0.0
long_context,claude_sonnet_4_6,quality_train_2022,0.15,0.3,0.0,0.3,True,True,False,False,0,-1.0
long_context,gpt_4o,quality_train_1972,0.15,0.3,0.0,0.3,False,False,False,False,0,0.0
long_context,claude_sonnet_4_6,quality_train_1972,0.15,0.3,0.0,0.3,False,True,True,False,1,0.0
long_context,gpt_4o,quality_train_542,0.15,0.3,0.0,0.3,False,False,False,False,0,0.0
long_context,claude_sonnet_4_6,quality_train_542,0.15,0.3,0.0,0.3,False,False,False,False,0,0.0
long_context,gpt_4o,quality_train_2243,0.15,0.3,0.0,0.3,False,False,False,False,0,0.0
long_context,claude_sonnet_4_6,quality_train_2243,0.15,0.3,0.0,0.3,False,False,False,False,0,0.0
long_context,gpt_4o,quality_train_916,0.15,0.3,0.0,0.3,False,False,False,False,0,0.0
long_context,claude_sonnet_4_6,quality_train_916,0.15,0.3,0.0,0.3,False,False,False,False,0,0.0
long_context,gpt_4o,quality_train_1060,0.15,0.3,0.0,0.3,False,False,False,False,0,0.0
long_context,claude_sonnet_4_6,quality_train_1060,0.15,0.3,0.0,0.3,False,False,False,False,0,0.0
long_context,gpt_4o,quality_train_1610,0.15,0.3,0.0,0.3,False,False,False,False,0,0.0
long_context,claude_sonnet_4_6,quality_train_1610,0.15,0.3,0.0,0.3,False,False,False,False,0,0.0
long_context,gpt_4o,quality_train_1064,0.15,0.3,0.0,0.3,False,False,False,False,0,0.0
long_context,claude_sonnet_4_6,quality_train_1064,0.15,0.3,0.0,0.3,False,False,False,False,0,0.0
long_context,gpt_4o,quality_train_1436,0.1,0.2,0.0,0.2,False,False,False,True,0,1.0
long_context,claude_sonnet_4_6,quality_train_1436,0.1,0.2,0.0,0.2,False,False,False,False,0,0.0
long_context,gpt_4o,quality_train_634,0.0,0.0,0.0,0.0,False,False,False,False,0,0.0
long_context,claude_sonnet_4_6,quality_train_634,0.0,0.0,0.0,0.0,False,False,False,False,0,0.0
long_context,gpt_4o,quality_train_1083,0.15,0.3,0.0,0.3,False,False,False,False,0,0.0
long_context,claude_sonnet_4_6,quality_train_1083,0.15,0.3,0.0,0.3,False,False,False,False,0,0.0
long_context,gpt_4o,quality_train_1108,0.15,0.3,0.0,0.3,False,False,False,False,0,0.0
long_context,claude_sonnet_4_6,quality_train_1108,0.15,0.3,0.0,0.3,False,False,False,False,0,0.0
long_context,gpt_4o,quality_train_617,0.15,0.3,0.0,0.3,False,False,False,False,0,0.0
long_context,claude_sonnet_4_6,quality_train_617,0.15,0.3,0.0,0.3,False,False,False,False,0,0.0
