domain,item_id,axis,gpt,gemini
medical,medqa_1465,D,0.2,0.2
medical,medqa_1465,V,0.7,0.7
medical,medqa_1465,K,0.9,0.9
medical,medqa_1465,S,0.1,0.1
medical,medqa_4712,D,0.2,0.2
medical,medqa_4712,V,0.7,0.7
medical,medqa_4712,K,0.6,0.9
medical,medqa_4712,S,0.2,0.0
medical,medqa_1710,D,0.2,0.1
medical,medqa_1710,V,0.7,0.7
medical,medqa_1710,K,0.8,0.9
medical,medqa_1710,S,0.2,0.2
medical,medqa_1045,D,0.2,0.0
medical,medqa_1045,V,0.7,0.7
medical,medqa_1045,K,0.8,0.9
medical,medqa_1045,S,0.1,0.1
medical,medqa_4938,D,0.2,0.1
medical,medqa_4938,V,0.7,0.7
medical,medqa_4938,K,0.8,1.0
medical,medqa_4938,S,0.1,0.1
medical,medqa_4268,D,0.2,0.3
medical,medqa_4268,V,0.7,0.7
medical,medqa_4268,K,0.9,0.8
medical,medqa_4268,S,0.1,0.1
medical,medqa_2007,D,0.2,0.0
medical,medqa_2007,V,0.7,0.7
medical,medqa_2007,K,0.8,0.8
medical,medqa_2007,S,0.1,0.0
medical,medqa_4748,D,0.2,0.0
medical,medqa_4748,V,0.7,0.7
medical,medqa_4748,K,0.6,0.8
medical,medqa_4748,S,0.1,0.3
medical,medqa_149,D,0.2,0.1
medical,medqa_149,V,0.7,0.8
medical,medqa_149,K,0.8,0.9
medical,medqa_149,S,0.1,0.1
medical,medqa_3739,D,0.2,0.1
medical,medqa_3739,V,0.7,0.7
medical,medqa_3739,K,0.8,0.9
medical,medqa_3739,S,0.1,0.1
medical,medqa_3339,D,0.2,0.1
medical,medqa_3339,V,0.7,0.7
medical,medqa_3339,K,0.9,0.9
medical,medqa_3339,S,0.1,0.1
medical,medqa_4477,D,0.2,0.0
medical,medqa_4477,V,0.7,0.7
medical,medqa_4477,K,0.8,0.9
medical,medqa_4477,S,0.1,0.0
medical,medqa_2248,D,0.2,0.1
medical,medqa_2248,V,0.7,0.7
medical,medqa_2248,K,0.8,0.8
medical,medqa_2248,S,0.1,0.3
medical,medqa_848,D,0.2,0.1
medical,medqa_848,V,0.7,0.7
medical,medqa_848,K,0.8,0.8
medical,medqa_848,S,0.1,0.5
medical,medqa_124,D,0.2,0.1
medical,medqa_124,V,0.7,0.7
medical,medqa_124,K,0.9,0.9
medical,medqa_124,S,0.1,0.0
medical,medqa_3355,D,0.2,0.1
medical,medqa_3355,V,0.7,0.7
medical,medqa_3355,K,0.8,0.8
medical,medqa_3355,S,0.1,0.0
medical,medqa_3288,D,0.2,0.2
medical,medqa_3288,V,0.7,0.7
medical,medqa_3288,K,0.8,1.0
medical,medqa_3288,S,0.1,0.0
medical,medqa_2042,D,0.2,0.1
medical,medqa_2042,V,0.7,0.7
medical,medqa_2042,K,0.8,0.9
medical,medqa_2042,S,0.1,0.1
medical,medqa_4788,D,0.2,0.1
medical,medqa_4788,V,0.7,0.8
medical,medqa_4788,K,0.9,0.8
medical,medqa_4788,S,0.1,0.3
medical,medqa_1608,D,0.2,0.1
medical,medqa_1608,V,0.7,0.7
medical,medqa_1608,K,0.9,0.9
medical,medqa_1608,S,0.1,0.1
medical,medqa_750,D,0.2,0.1
medical,medqa_750,V,0.7,0.7
medical,medqa_750,K,0.9,0.9
medical,medqa_750,S,0.1,0.1
medical,medqa_4802,D,0.2,0.2
medical,medqa_4802,V,0.7,0.7
medical,medqa_4802,K,0.8,0.8
medical,medqa_4802,S,0.1,0.1
medical,medqa_1047,D,0.2,0.0
medical,medqa_1047,V,0.7,0.7
medical,medqa_1047,K,0.8,0.9
medical,medqa_1047,S,0.2,0.2
medical,medqa_1543,D,0.2,0.1
medical,medqa_1543,V,0.7,0.7
medical,medqa_1543,K,0.8,0.9
medical,medqa_1543,S,0.2,0.1
medical,medqa_4920,D,0.2,0.2
medical,medqa_4920,V,0.7,0.9
medical,medqa_4920,K,0.8,0.9
medical,medqa_4920,S,0.1,0.1
medical,medqa_2088,D,0.2,0.2
medical,medqa_2088,V,0.7,0.7
medical,medqa_2088,K,0.8,0.8
medical,medqa_2088,S,0.1,0.1
medical,medqa_3535,D,0.2,0.2
medical,medqa_3535,V,0.7,0.7
medical,medqa_3535,K,0.8,0.9
medical,medqa_3535,S,0.1,0.1
medical,medqa_911,D,0.2,0.1
medical,medqa_911,V,0.7,0.7
medical,medqa_911,K,0.9,0.9
medical,medqa_911,S,0.1,0.0
medical,medqa_407,D,0.2,0.1
medical,medqa_407,V,0.7,0.7
medical,medqa_407,K,0.8,0.8
medical,medqa_407,S,0.1,0.0
medical,medqa_17,D,0.2,0.0
medical,medqa_17,V,0.7,0.8
medical,medqa_17,K,0.8,1.0
medical,medqa_17,S,0.1,0.0
medical,medqa_541,D,0.2,0.3
medical,medqa_541,V,0.7,0.8
medical,medqa_541,K,0.5,0.8
medical,medqa_541,S,0.1,0.1
medical,medqa_1840,D,0.2,0.3
medical,medqa_1840,V,0.7,0.7
medical,medqa_1840,K,0.8,0.8
medical,medqa_1840,S,0.2,0.2
medical,medqa_2712,D,0.2,0.0
medical,medqa_2712,V,0.7,0.7
medical,medqa_2712,K,0.8,0.9
medical,medqa_2712,S,0.1,0.3
medical,medqa_3449,D,0.2,0.2
medical,medqa_3449,V,0.7,0.7
medical,medqa_3449,K,0.9,0.9
medical,medqa_3449,S,0.1,0.1
medical,medqa_201,D,0.2,0.0
medical,medqa_201,V,0.7,0.7
medical,medqa_201,K,0.9,0.8
medical,medqa_201,S,0.1,0.1
medical,medqa_1422,D,0.2,0.1
medical,medqa_1422,V,0.7,0.7
medical,medqa_1422,K,0.6,0.9
medical,medqa_1422,S,0.1,0.1
medical,medqa_2521,D,0.2,0.1
medical,medqa_2521,V,0.7,0.8
medical,medqa_2521,K,0.8,0.9
medical,medqa_2521,S,0.1,0.0
medical,medqa_1894,D,0.2,0.1
medical,medqa_1894,V,0.7,0.7
medical,medqa_1894,K,0.8,0.9
medical,medqa_1894,S,0.1,0.0
medical,medqa_3454,D,0.2,0.1
medical,medqa_3454,V,0.7,0.7
medical,medqa_3454,K,0.8,0.9
medical,medqa_3454,S,0.1,0.1
medical,medqa_3990,D,0.2,0.2
medical,medqa_3990,V,0.7,0.7
medical,medqa_3990,K,0.8,0.9
medical,medqa_3990,S,0.1,0.0
medical,medqa_4285,D,0.2,0.2
medical,medqa_4285,V,0.7,0.7
medical,medqa_4285,K,0.9,0.9
medical,medqa_4285,S,0.2,0.1
medical,medqa_1785,D,0.2,0.0
medical,medqa_1785,V,0.7,0.7
medical,medqa_1785,K,0.8,1.0
medical,medqa_1785,S,0.1,0.0
medical,medqa_507,D,0.2,0.1
medical,medqa_507,V,0.8,1.0
medical,medqa_507,K,0.6,0.8
medical,medqa_507,S,0.1,0.0
medical,medqa_2834,D,0.2,0.2
medical,medqa_2834,V,0.7,0.7
medical,medqa_2834,K,0.6,0.8
medical,medqa_2834,S,0.1,0.1
medical,medqa_2471,D,0.2,0.2
medical,medqa_2471,V,0.7,0.7
medical,medqa_2471,K,0.8,0.8
medical,medqa_2471,S,0.1,0.1
medical,medqa_3731,D,0.2,0.2
medical,medqa_3731,V,0.7,0.7
medical,medqa_3731,K,0.6,0.8
medical,medqa_3731,S,0.1,0.1
medical,medqa_4225,D,0.2,0.0
medical,medqa_4225,V,0.7,0.7
medical,medqa_4225,K,0.8,0.9
medical,medqa_4225,S,0.1,0.0
medical,medqa_2654,D,0.2,0.1
medical,medqa_2654,V,0.7,0.7
medical,medqa_2654,K,0.9,1.0
medical,medqa_2654,S,0.1,0.0
medical,medqa_94,D,0.2,0.0
medical,medqa_94,V,0.7,0.7
medical,medqa_94,K,0.9,1.0
medical,medqa_94,S,0.1,0.0
medical,medqa_1184,D,0.2,0.0
medical,medqa_1184,V,0.7,0.7
medical,medqa_1184,K,0.8,0.9
medical,medqa_1184,S,0.1,0.3
legal,legalbench_privacy_policy_qa_2781,D,0.2,0.0
legal,legalbench_privacy_policy_qa_2781,V,0.7,0.7
legal,legalbench_privacy_policy_qa_2781,K,0.8,0.9
legal,legalbench_privacy_policy_qa_2781,S,0.2,0.0
legal,legalbench_rule_qa_36,D,0.2,0.1
legal,legalbench_rule_qa_36,V,0.8,0.9
legal,legalbench_rule_qa_36,K,1.0,1.0
legal,legalbench_rule_qa_36,S,0.4,0.0
legal,legalbench_privacy_policy_qa_2971,D,0.2,0.0
legal,legalbench_privacy_policy_qa_2971,V,0.7,0.7
legal,legalbench_privacy_policy_qa_2971,K,0.8,0.8
legal,legalbench_privacy_policy_qa_2971,S,0.2,0.0
legal,legalbench_privacy_policy_qa_1635,D,0.2,0.1
legal,legalbench_privacy_policy_qa_1635,V,0.7,0.8
legal,legalbench_privacy_policy_qa_1635,K,0.8,0.8
legal,legalbench_privacy_policy_qa_1635,S,0.2,0.1
legal,legalbench_privacy_policy_qa_2056,D,0.2,0.1
legal,legalbench_privacy_policy_qa_2056,V,0.7,0.7
legal,legalbench_privacy_policy_qa_2056,K,0.8,0.7
legal,legalbench_privacy_policy_qa_2056,S,0.2,0.1
legal,legalbench_privacy_policy_qa_446,D,0.2,0.1
legal,legalbench_privacy_policy_qa_446,V,0.7,0.7
legal,legalbench_privacy_policy_qa_446,K,0.8,0.8
legal,legalbench_privacy_policy_qa_446,S,0.2,0.1
legal,legalbench_contract_nli_explicit_identification_132,D,0.2,0.1
legal,legalbench_contract_nli_explicit_identification_132,V,0.7,0.7
legal,legalbench_contract_nli_explicit_identification_132,K,0.8,0.8
legal,legalbench_contract_nli_explicit_identification_132,S,0.2,0.1
legal,legalbench_privacy_policy_qa_2422,D,0.2,0.0
legal,legalbench_privacy_policy_qa_2422,V,0.7,0.8
legal,legalbench_privacy_policy_qa_2422,K,0.8,0.8
legal,legalbench_privacy_policy_qa_2422,S,0.2,0.0
legal,legalbench_privacy_policy_qa_2783,D,0.2,0.0
legal,legalbench_privacy_policy_qa_2783,V,0.7,0.7
legal,legalbench_privacy_policy_qa_2783,K,0.8,0.7
legal,legalbench_privacy_policy_qa_2783,S,0.2,0.0
legal,legalbench_privacy_policy_qa_2817,D,0.2,0.1
legal,legalbench_privacy_policy_qa_2817,V,0.7,0.7
legal,legalbench_privacy_policy_qa_2817,K,0.8,0.8
legal,legalbench_privacy_policy_qa_2817,S,0.2,0.1
legal,legalbench_privacy_policy_qa_1149,D,0.2,0.1
legal,legalbench_privacy_policy_qa_1149,V,0.7,0.7
legal,legalbench_privacy_policy_qa_1149,K,0.8,0.9
legal,legalbench_privacy_policy_qa_1149,S,0.2,0.3
legal,legalbench_privacy_policy_qa_1420,D,0.2,0.1
legal,legalbench_privacy_policy_qa_1420,V,0.7,0.7
legal,legalbench_privacy_policy_qa_1420,K,0.8,0.8
legal,legalbench_privacy_policy_qa_1420,S,0.2,0.2
legal,legalbench_privacy_policy_qa_1729,D,0.2,0.1
legal,legalbench_privacy_policy_qa_1729,V,0.7,0.7
legal,legalbench_privacy_policy_qa_1729,K,0.8,0.7
legal,legalbench_privacy_policy_qa_1729,S,0.2,0.0
legal,legalbench_privacy_policy_qa_2980,D,0.2,0.1
legal,legalbench_privacy_policy_qa_2980,V,0.7,0.7
legal,legalbench_privacy_policy_qa_2980,K,0.8,0.8
legal,legalbench_privacy_policy_qa_2980,S,0.2,0.1
legal,legalbench_privacy_policy_qa_2231,D,0.2,0.1
legal,legalbench_privacy_policy_qa_2231,V,0.7,0.7
legal,legalbench_privacy_policy_qa_2231,K,0.8,0.8
legal,legalbench_privacy_policy_qa_2231,S,0.4,0.0
legal,legalbench_privacy_policy_qa_1402,D,0.2,0.1
legal,legalbench_privacy_policy_qa_1402,V,0.7,0.7
legal,legalbench_privacy_policy_qa_1402,K,0.8,0.8
legal,legalbench_privacy_policy_qa_1402,S,0.2,0.1
legal,legalbench_privacy_policy_qa_893,D,0.2,0.1
legal,legalbench_privacy_policy_qa_893,V,0.7,0.7
legal,legalbench_privacy_policy_qa_893,K,0.8,0.8
legal,legalbench_privacy_policy_qa_893,S,0.2,0.1
legal,legalbench_privacy_policy_qa_1584,D,0.2,0.2
legal,legalbench_privacy_policy_qa_1584,V,0.7,0.7
legal,legalbench_privacy_policy_qa_1584,K,0.8,0.9
legal,legalbench_privacy_policy_qa_1584,S,0.2,0.1
legal,legalbench_privacy_policy_qa_556,D,0.2,0.1
legal,legalbench_privacy_policy_qa_556,V,0.7,0.7
legal,legalbench_privacy_policy_qa_556,K,0.8,0.8
legal,legalbench_privacy_policy_qa_556,S,0.2,0.1
legal,legalbench_privacy_policy_qa_285,D,0.2,0.1
legal,legalbench_privacy_policy_qa_285,V,0.7,0.7
legal,legalbench_privacy_policy_qa_285,K,0.8,0.8
legal,legalbench_privacy_policy_qa_285,S,0.2,0.2
legal,legalbench_privacy_policy_qa_2592,D,0.2,0.1
legal,legalbench_privacy_policy_qa_2592,V,0.7,0.7
legal,legalbench_privacy_policy_qa_2592,K,0.8,0.9
legal,legalbench_privacy_policy_qa_2592,S,0.2,0.1
legal,legalbench_privacy_policy_qa_445,D,0.2,0.2
legal,legalbench_privacy_policy_qa_445,V,0.7,0.7
legal,legalbench_privacy_policy_qa_445,K,0.8,0.8
legal,legalbench_privacy_policy_qa_445,S,0.2,0.1
legal,legalbench_privacy_policy_qa_1603,D,0.2,0.0
legal,legalbench_privacy_policy_qa_1603,V,0.7,0.7
legal,legalbench_privacy_policy_qa_1603,K,0.8,0.8
legal,legalbench_privacy_policy_qa_1603,S,0.2,0.0
legal,legalbench_privacy_policy_qa_1501,D,0.2,0.1
legal,legalbench_privacy_policy_qa_1501,V,0.7,0.8
legal,legalbench_privacy_policy_qa_1501,K,0.8,0.8
legal,legalbench_privacy_policy_qa_1501,S,0.2,0.1
legal,legalbench_privacy_policy_qa_1127,D,0.2,0.1
legal,legalbench_privacy_policy_qa_1127,V,0.7,0.7
legal,legalbench_privacy_policy_qa_1127,K,0.8,0.7
legal,legalbench_privacy_policy_qa_1127,S,0.2,0.1
legal,legalbench_privacy_policy_qa_2744,D,0.2,0.1
legal,legalbench_privacy_policy_qa_2744,V,0.7,0.7
legal,legalbench_privacy_policy_qa_2744,K,0.8,0.8
legal,legalbench_privacy_policy_qa_2744,S,0.2,0.2
legal,legalbench_privacy_policy_qa_2974,D,0.2,0.1
legal,legalbench_privacy_policy_qa_2974,V,0.7,0.7
legal,legalbench_privacy_policy_qa_2974,K,0.8,0.8
legal,legalbench_privacy_policy_qa_2974,S,0.2,0.3
legal,legalbench_privacy_policy_qa_2884,D,0.2,0.1
legal,legalbench_privacy_policy_qa_2884,V,0.7,0.7
legal,legalbench_privacy_policy_qa_2884,K,0.8,0.8
legal,legalbench_privacy_policy_qa_2884,S,0.2,0.1
legal,legalbench_privacy_policy_qa_2536,D,0.2,0.1
legal,legalbench_privacy_policy_qa_2536,V,0.7,0.7
legal,legalbench_privacy_policy_qa_2536,K,0.8,0.8
legal,legalbench_privacy_policy_qa_2536,S,0.2,0.0
legal,legalbench_privacy_policy_qa_989,D,0.2,0.0
legal,legalbench_privacy_policy_qa_989,V,0.7,0.7
legal,legalbench_privacy_policy_qa_989,K,0.8,0.8
legal,legalbench_privacy_policy_qa_989,S,0.2,0.0
legal,legalbench_privacy_policy_qa_2271,D,0.2,0.1
legal,legalbench_privacy_policy_qa_2271,V,0.7,0.7
legal,legalbench_privacy_policy_qa_2271,K,0.8,0.8
legal,legalbench_privacy_policy_qa_2271,S,0.2,0.1
legal,legalbench_privacy_policy_qa_2362,D,0.2,0.1
legal,legalbench_privacy_policy_qa_2362,V,0.7,0.7
legal,legalbench_privacy_policy_qa_2362,K,0.8,0.8
legal,legalbench_privacy_policy_qa_2362,S,0.2,0.1
legal,legalbench_privacy_policy_qa_1977,D,0.2,0.1
legal,legalbench_privacy_policy_qa_1977,V,0.7,0.7
legal,legalbench_privacy_policy_qa_1977,K,0.8,0.8
legal,legalbench_privacy_policy_qa_1977,S,0.2,0.3
legal,legalbench_privacy_policy_qa_2375,D,0.2,0.2
legal,legalbench_privacy_policy_qa_2375,V,0.7,0.7
legal,legalbench_privacy_policy_qa_2375,K,0.8,0.8
legal,legalbench_privacy_policy_qa_2375,S,0.2,0.3
legal,legalbench_privacy_policy_qa_1938,D,0.2,0.1
legal,legalbench_privacy_policy_qa_1938,V,0.8,0.7
legal,legalbench_privacy_policy_qa_1938,K,0.7,0.8
legal,legalbench_privacy_policy_qa_1938,S,0.2,0.1
legal,legalbench_privacy_policy_qa_1012,D,0.2,0.1
legal,legalbench_privacy_policy_qa_1012,V,0.7,0.7
legal,legalbench_privacy_policy_qa_1012,K,0.8,0.8
legal,legalbench_privacy_policy_qa_1012,S,0.2,0.1
legal,legalbench_privacy_policy_qa_2966,D,0.2,0.0
legal,legalbench_privacy_policy_qa_2966,V,0.7,0.8
legal,legalbench_privacy_policy_qa_2966,K,0.8,0.8
legal,legalbench_privacy_policy_qa_2966,S,0.2,0.1
legal,legalbench_privacy_policy_qa_631,D,0.2,0.2
legal,legalbench_privacy_policy_qa_631,V,0.7,0.7
legal,legalbench_privacy_policy_qa_631,K,0.8,0.8
legal,legalbench_privacy_policy_qa_631,S,0.2,0.1
legal,legalbench_privacy_policy_qa_2976,D,0.2,0.1
legal,legalbench_privacy_policy_qa_2976,V,0.7,0.7
legal,legalbench_privacy_policy_qa_2976,K,0.8,0.8
legal,legalbench_privacy_policy_qa_2976,S,0.2,0.1
legal,legalbench_privacy_policy_qa_2907,D,0.2,0.1
legal,legalbench_privacy_policy_qa_2907,V,0.7,0.8
legal,legalbench_privacy_policy_qa_2907,K,0.8,0.9
legal,legalbench_privacy_policy_qa_2907,S,0.2,0.1
legal,legalbench_privacy_policy_qa_1803,D,0.2,0.1
legal,legalbench_privacy_policy_qa_1803,V,0.7,0.7
legal,legalbench_privacy_policy_qa_1803,K,0.8,0.9
legal,legalbench_privacy_policy_qa_1803,S,0.2,0.1
legal,legalbench_privacy_policy_qa_1906,D,0.2,0.1
legal,legalbench_privacy_policy_qa_1906,V,0.7,0.7
legal,legalbench_privacy_policy_qa_1906,K,0.8,0.8
legal,legalbench_privacy_policy_qa_1906,S,0.2,0.2
legal,legalbench_privacy_policy_qa_1185,D,0.2,0.2
legal,legalbench_privacy_policy_qa_1185,V,0.7,0.7
legal,legalbench_privacy_policy_qa_1185,K,0.8,0.8
legal,legalbench_privacy_policy_qa_1185,S,0.4,0.2
legal,legalbench_privacy_policy_qa_2174,D,0.2,0.1
legal,legalbench_privacy_policy_qa_2174,V,0.7,0.7
legal,legalbench_privacy_policy_qa_2174,K,0.9,0.8
legal,legalbench_privacy_policy_qa_2174,S,0.2,0.1
legal,legalbench_privacy_policy_qa_1449,D,0.2,0.1
legal,legalbench_privacy_policy_qa_1449,V,0.7,0.7
legal,legalbench_privacy_policy_qa_1449,K,0.8,0.8
legal,legalbench_privacy_policy_qa_1449,S,0.2,0.1
legal,legalbench_privacy_policy_qa_2393,D,0.2,0.1
legal,legalbench_privacy_policy_qa_2393,V,0.7,0.7
legal,legalbench_privacy_policy_qa_2393,K,0.8,0.8
legal,legalbench_privacy_policy_qa_2393,S,0.2,0.2
legal,legalbench_privacy_policy_qa_1844,D,0.2,0.0
legal,legalbench_privacy_policy_qa_1844,V,0.7,0.7
legal,legalbench_privacy_policy_qa_1844,K,0.8,0.8
legal,legalbench_privacy_policy_qa_1844,S,0.2,0.0
legal,legalbench_privacy_policy_qa_1826,D,0.2,0.0
legal,legalbench_privacy_policy_qa_1826,V,0.7,0.7
legal,legalbench_privacy_policy_qa_1826,K,0.8,0.8
legal,legalbench_privacy_policy_qa_1826,S,0.2,0.0
legal,legalbench_privacy_policy_qa_2605,D,0.2,0.0
legal,legalbench_privacy_policy_qa_2605,V,0.7,0.8
legal,legalbench_privacy_policy_qa_2605,K,0.8,0.9
legal,legalbench_privacy_policy_qa_2605,S,0.2,0.5
legal,legalbench_privacy_policy_qa_1237,D,0.2,0.1
legal,legalbench_privacy_policy_qa_1237,V,0.7,0.7
legal,legalbench_privacy_policy_qa_1237,K,0.8,0.8
legal,legalbench_privacy_policy_qa_1237,S,0.2,0.1
code,mbpp_225,D,0.4,0.2
code,mbpp_225,V,1.0,1.0
code,mbpp_225,K,0.7,0.6
code,mbpp_225,S,0.2,0.1
code,mbpp_452,D,0.5,0.1
code,mbpp_452,V,1.0,1.0
code,mbpp_452,K,0.3,0.5
code,mbpp_452,S,0.5,0.1
code,mbpp_554,D,0.9,0.3
code,mbpp_554,V,1.0,1.0
code,mbpp_554,K,0.0,0.5
code,mbpp_554,S,0.1,0.6
code,mbpp_180,D,0.8,0.2
code,mbpp_180,V,1.0,1.0
code,mbpp_180,K,0.0,0.5
code,mbpp_180,S,0.0,0.5
code,humaneval_114,D,0.2,0.2
code,humaneval_114,V,1.0,1.0
code,humaneval_114,K,0.0,0.5
code,humaneval_114,S,0.2,0.6
code,mbpp_74,D,0.9,0.0
code,mbpp_74,V,1.0,1.0
code,mbpp_74,K,0.5,0.5
code,mbpp_74,S,0.0,0.0
code,mbpp_440,D,0.2,0.2
code,mbpp_440,V,1.0,1.0
code,mbpp_440,K,0.3,0.7
code,mbpp_440,S,0.1,0.2
code,humaneval_6,D,0.8,1.0
code,humaneval_6,V,1.0,1.0
code,humaneval_6,K,0.0,0.5
code,humaneval_6,S,0.5,0.3
code,mbpp_120,D,0.7,0.3
code,mbpp_120,V,1.0,1.0
code,mbpp_120,K,0.0,0.5
code,mbpp_120,S,0.5,0.5
code,mbpp_617,D,0.8,0.1
code,mbpp_617,V,1.0,1.0
code,mbpp_617,K,0.0,0.5
code,mbpp_617,S,0.5,1.0
code,mbpp_595,D,0.8,0.3
code,mbpp_595,V,1.0,1.0
code,mbpp_595,K,0.0,0.5
code,mbpp_595,S,0.2,0.8
code,mbpp_39,D,0.7,0.2
code,mbpp_39,V,1.0,1.0
code,mbpp_39,K,0.3,0.6
code,mbpp_39,S,0.5,0.1
code,mbpp_590,D,0.7,0.3
code,mbpp_590,V,1.0,1.0
code,mbpp_590,K,0.3,0.4
code,mbpp_590,S,0.5,0.6
code,humaneval_30,D,0.8,0.9
code,humaneval_30,V,1.0,1.0
code,humaneval_30,K,0.0,0.5
code,humaneval_30,S,0.2,0.7
code,mbpp_86,D,0.8,0.2
code,mbpp_86,V,1.0,1.0
code,mbpp_86,K,0.0,0.5
code,mbpp_86,S,0.2,0.7
code,mbpp_59,D,0.8,0.4
code,mbpp_59,V,1.0,1.0
code,mbpp_59,K,0.0,0.5
code,mbpp_59,S,0.2,0.6
code,mbpp_594,D,0.8,0.1
code,mbpp_594,V,1.0,1.0
code,mbpp_594,K,0.0,0.4
code,mbpp_594,S,0.2,0.5
code,mbpp_664,D,0.7,0.2
code,mbpp_664,V,1.0,1.0
code,mbpp_664,K,0.5,0.7
code,mbpp_664,S,0.5,0.7
code,humaneval_142,D,0.7,0.7
code,humaneval_142,V,1.0,1.0
code,humaneval_142,K,0.0,0.5
code,humaneval_142,S,0.2,0.5
code,humaneval_25,D,0.7,0.2
code,humaneval_25,V,1.0,1.0
code,humaneval_25,K,0.3,0.5
code,humaneval_25,S,0.2,0.3
code,mbpp_268,D,0.7,0.1
code,mbpp_268,V,1.0,1.0
code,mbpp_268,K,0.5,0.7
code,mbpp_268,S,0.2,0.1
code,humaneval_27,D,0.8,0.8
code,humaneval_27,V,1.0,1.0
code,humaneval_27,K,0.0,0.5
code,humaneval_27,S,0.2,0.7
code,humaneval_89,D,0.8,0.8
code,humaneval_89,V,1.0,1.0
code,humaneval_89,K,0.0,0.5
code,humaneval_89,S,0.2,0.5
code,humaneval_159,D,0.8,0.1
code,humaneval_159,V,1.0,1.0
code,humaneval_159,K,0.0,0.0
code,humaneval_159,S,0.2,0.0
code,humaneval_32,D,0.5,0.2
code,humaneval_32,V,1.0,1.0
code,humaneval_32,K,0.5,0.6
code,humaneval_32,S,0.5,0.9
code,mbpp_661,D,0.9,0.1
code,mbpp_661,V,1.0,1.0
code,mbpp_661,K,0.0,0.1
code,mbpp_661,S,0.0,0.6
code,mbpp_64,D,0.8,0.8
code,mbpp_64,V,1.0,1.0
code,mbpp_64,K,0.0,0.5
code,mbpp_64,S,0.5,0.5
code,mbpp_726,D,0.8,0.2
code,mbpp_726,V,1.0,1.0
code,mbpp_726,K,0.0,0.6
code,mbpp_726,S,0.2,0.7
code,humaneval_104,D,0.8,0.7
code,humaneval_104,V,1.0,1.0
code,humaneval_104,K,0.0,0.5
code,humaneval_104,S,0.2,0.3
code,mbpp_569,D,0.8,0.3
code,mbpp_569,V,1.0,1.0
code,mbpp_569,K,0.0,0.5
code,mbpp_569,S,0.2,0.6
code,mbpp_56,D,0.5,0.3
code,mbpp_56,V,1.0,1.0
code,mbpp_56,K,0.7,0.8
code,mbpp_56,S,0.2,0.6
code,mbpp_265,D,0.2,0.1
code,mbpp_265,V,1.0,1.0
code,mbpp_265,K,0.0,0.5
code,mbpp_265,S,0.0,0.1
code,mbpp_394,D,0.9,0.1
code,mbpp_394,V,1.0,1.0
code,mbpp_394,K,0.0,0.5
code,mbpp_394,S,0.1,0.6
code,mbpp_295,D,0.7,0.3
code,mbpp_295,V,1.0,1.0
code,mbpp_295,K,0.5,0.6
code,mbpp_295,S,0.4,0.6
code,mbpp_117,D,0.8,0.3
code,mbpp_117,V,1.0,1.0
code,mbpp_117,K,0.0,0.4
code,mbpp_117,S,0.2,0.6
code,mbpp_61,D,0.7,0.2
code,mbpp_61,V,1.0,1.0
code,mbpp_61,K,0.5,0.5
code,mbpp_61,S,0.5,0.8
code,mbpp_749,D,0.8,0.1
code,mbpp_749,V,1.0,1.0
code,mbpp_749,K,0.0,0.1
code,mbpp_749,S,0.0,0.0
code,humaneval_163,D,0.8,0.2
code,humaneval_163,V,1.0,1.0
code,humaneval_163,K,0.0,0.3
code,humaneval_163,S,0.2,0.5
code,mbpp_816,D,0.7,0.3
code,mbpp_816,V,1.0,1.0
code,mbpp_816,K,0.3,0.5
code,mbpp_816,S,0.5,0.8
code,mbpp_490,D,0.8,0.3
code,mbpp_490,V,1.0,1.0
code,mbpp_490,K,0.0,0.5
code,mbpp_490,S,0.2,0.5
code,mbpp_613,D,0.7,0.3
code,mbpp_613,V,1.0,1.0
code,mbpp_613,K,0.5,0.5
code,mbpp_613,S,0.3,0.5
code,mbpp_410,D,0.8,0.1
code,mbpp_410,V,1.0,1.0
code,mbpp_410,K,0.2,0.3
code,mbpp_410,S,0.4,0.5
code,mbpp_501,D,0.5,0.1
code,mbpp_501,V,1.0,1.0
code,mbpp_501,K,0.0,0.4
code,mbpp_501,S,0.2,0.5
code,mbpp_439,D,0.8,0.3
code,mbpp_439,V,1.0,1.0
code,mbpp_439,K,0.2,0.3
code,mbpp_439,S,0.5,0.5
code,humaneval_95,D,0.8,0.3
code,humaneval_95,V,1.0,1.0
code,humaneval_95,K,0.0,0.5
code,humaneval_95,S,0.2,0.5
code,mbpp_184,D,0.7,0.2
code,mbpp_184,V,1.0,1.0
code,mbpp_184,K,0.3,0.5
code,mbpp_184,S,0.2,0.6
code,humaneval_94,D,0.7,0.6
code,humaneval_94,V,1.0,1.0
code,humaneval_94,K,0.5,0.2
code,humaneval_94,S,0.3,0.6
code,mbpp_353,D,0.7,0.7
code,mbpp_353,V,1.0,1.0
code,mbpp_353,K,0.3,0.5
code,mbpp_353,S,0.5,0.5
code,mbpp_528,D,0.8,0.2
code,mbpp_528,V,1.0,1.0
code,mbpp_528,K,0.0,0.1
code,mbpp_528,S,0.2,0.6
code,mbpp_550,D,0.8,0.1
code,mbpp_550,V,1.0,1.0
code,mbpp_550,K,0.0,0.5
code,mbpp_550,S,0.2,0.6
logic,moral_scenarios_test_872,D,0.2,0.9
logic,moral_scenarios_test_872,V,0.7,0.8
logic,moral_scenarios_test_872,K,0.3,0.0
logic,moral_scenarios_test_872,S,0.5,0.0
logic,moral_scenarios_test_143,D,0.2,0.9
logic,moral_scenarios_test_143,V,0.7,0.8
logic,moral_scenarios_test_143,K,0.3,0.1
logic,moral_scenarios_test_143,S,0.5,0.1
logic,philosophy_test_103,D,0.2,0.0
logic,philosophy_test_103,V,0.7,0.7
logic,philosophy_test_103,K,0.5,0.7
logic,philosophy_test_103,S,0.2,0.0
logic,moral_scenarios_test_37,D,0.2,0.9
logic,moral_scenarios_test_37,V,0.7,0.6
logic,moral_scenarios_test_37,K,0.4,0.0
logic,moral_scenarios_test_37,S,0.5,0.1
logic,moral_scenarios_test_270,D,0.0,1.0
logic,moral_scenarios_test_270,V,0.6,0.7
logic,moral_scenarios_test_270,K,0.0,0.0
logic,moral_scenarios_test_270,S,0.0,0.0
logic,moral_scenarios_test_479,D,0.2,1.0
logic,moral_scenarios_test_479,V,0.7,0.7
logic,moral_scenarios_test_479,K,0.3,0.4
logic,moral_scenarios_test_479,S,0.4,0.1
logic,moral_scenarios_test_694,D,0.2,0.9
logic,moral_scenarios_test_694,V,0.7,0.8
logic,moral_scenarios_test_694,K,0.3,0.2
logic,moral_scenarios_test_694,S,0.4,0.1
logic,moral_scenarios_test_639,D,0.0,1.0
logic,moral_scenarios_test_639,V,0.6,0.8
logic,moral_scenarios_test_639,K,0.0,0.0
logic,moral_scenarios_test_639,S,0.0,0.0
logic,moral_scenarios_test_424,D,0.0,1.0
logic,moral_scenarios_test_424,V,0.7,0.7
logic,moral_scenarios_test_424,K,0.0,0.1
logic,moral_scenarios_test_424,S,0.0,0.0
logic,logical_fallacies_test_1,D,0.2,0.1
logic,logical_fallacies_test_1,V,0.7,0.8
logic,logical_fallacies_test_1,K,0.5,0.5
logic,logical_fallacies_test_1,S,0.2,0.0
logic,moral_scenarios_test_842,D,0.2,0.9
logic,moral_scenarios_test_842,V,0.7,0.7
logic,moral_scenarios_test_842,K,0.3,0.0
logic,moral_scenarios_test_842,S,0.4,0.1
logic,logical_fallacies_test_31,D,0.1,0.1
logic,logical_fallacies_test_31,V,0.7,0.9
logic,logical_fallacies_test_31,K,0.5,0.5
logic,logical_fallacies_test_31,S,0.1,0.0
logic,moral_scenarios_test_795,D,0.0,1.0
logic,moral_scenarios_test_795,V,0.6,0.8
logic,moral_scenarios_test_795,K,0.0,0.0
logic,moral_scenarios_test_795,S,0.0,0.0
logic,moral_scenarios_test_763,D,0.0,0.9
logic,moral_scenarios_test_763,V,0.6,0.7
logic,moral_scenarios_test_763,K,0.0,0.0
logic,moral_scenarios_test_763,S,0.0,0.0
logic,philosophy_test_53,D,0.2,0.1
logic,philosophy_test_53,V,0.7,0.7
logic,philosophy_test_53,K,0.5,0.8
logic,philosophy_test_53,S,0.2,0.1
logic,moral_scenarios_test_385,D,0.0,0.9
logic,moral_scenarios_test_385,V,0.6,0.8
logic,moral_scenarios_test_385,K,0.0,0.0
logic,moral_scenarios_test_385,S,0.0,0.0
logic,moral_scenarios_test_285,D,0.2,0.9
logic,moral_scenarios_test_285,V,0.7,0.7
logic,moral_scenarios_test_285,K,0.3,0.0
logic,moral_scenarios_test_285,S,0.4,0.0
logic,moral_scenarios_test_192,D,0.2,1.0
logic,moral_scenarios_test_192,V,0.7,0.8
logic,moral_scenarios_test_192,K,0.3,0.1
logic,moral_scenarios_test_192,S,0.4,0.0
logic,moral_scenarios_test_816,D,0.2,0.8
logic,moral_scenarios_test_816,V,0.7,0.7
logic,moral_scenarios_test_816,K,0.3,0.0
logic,moral_scenarios_test_816,S,0.5,0.0
logic,moral_scenarios_validation_70,D,0.2,1.0
logic,moral_scenarios_validation_70,V,0.7,0.8
logic,moral_scenarios_validation_70,K,0.3,0.0
logic,moral_scenarios_validation_70,S,0.4,0.0
logic,moral_scenarios_validation_31,D,0.2,1.0
logic,moral_scenarios_validation_31,V,0.7,0.7
logic,moral_scenarios_validation_31,K,0.3,0.0
logic,moral_scenarios_validation_31,S,0.5,0.0
logic,logical_fallacies_validation_17,D,0.0,0.1
logic,logical_fallacies_validation_17,V,0.7,0.7
logic,logical_fallacies_validation_17,K,0.5,0.7
logic,logical_fallacies_validation_17,S,0.0,0.0
logic,moral_scenarios_test_584,D,0.2,0.9
logic,moral_scenarios_test_584,V,0.7,0.8
logic,moral_scenarios_test_584,K,0.3,0.0
logic,moral_scenarios_test_584,S,0.4,0.0
logic,moral_scenarios_test_564,D,0.0,1.0
logic,moral_scenarios_test_564,V,0.6,0.7
logic,moral_scenarios_test_564,K,0.5,0.5
logic,moral_scenarios_test_564,S,0.5,0.0
logic,moral_scenarios_test_264,D,0.0,1.0
logic,moral_scenarios_test_264,V,0.6,0.8
logic,moral_scenarios_test_264,K,0.0,0.0
logic,moral_scenarios_test_264,S,0.0,0.0
logic,philosophy_test_23,D,0.2,0.1
logic,philosophy_test_23,V,0.7,0.7
logic,philosophy_test_23,K,0.5,0.5
logic,philosophy_test_23,S,0.4,0.3
logic,moral_scenarios_test_291,D,0.2,1.0
logic,moral_scenarios_test_291,V,0.7,0.8
logic,moral_scenarios_test_291,K,0.3,0.0
logic,moral_scenarios_test_291,S,0.5,0.0
logic,moral_scenarios_test_10,D,0.0,0.9
logic,moral_scenarios_test_10,V,0.6,0.8
logic,moral_scenarios_test_10,K,0.0,0.0
logic,moral_scenarios_test_10,S,0.0,0.0
logic,moral_scenarios_test_611,D,0.2,1.0
logic,moral_scenarios_test_611,V,0.7,0.7
logic,moral_scenarios_test_611,K,0.3,0.0
logic,moral_scenarios_test_611,S,0.4,0.0
logic,moral_scenarios_test_601,D,0.0,0.9
logic,moral_scenarios_test_601,V,0.7,0.8
logic,moral_scenarios_test_601,K,0.0,0.0
logic,moral_scenarios_test_601,S,0.0,0.0
logic,logical_fallacies_test_11,D,0.2,0.0
logic,logical_fallacies_test_11,V,0.7,0.7
logic,logical_fallacies_test_11,K,0.5,0.5
logic,logical_fallacies_test_11,S,0.3,0.3
logic,moral_scenarios_test_845,D,0.2,0.9
logic,moral_scenarios_test_845,V,0.7,0.8
logic,moral_scenarios_test_845,K,0.4,0.0
logic,moral_scenarios_test_845,S,0.5,0.0
logic,logical_fallacies_test_80,D,0.2,0.0
logic,logical_fallacies_test_80,V,0.7,0.8
logic,logical_fallacies_test_80,K,0.5,0.7
logic,logical_fallacies_test_80,S,0.2,0.0
logic,moral_scenarios_test_212,D,0.2,1.0
logic,moral_scenarios_test_212,V,0.7,0.8
logic,moral_scenarios_test_212,K,0.3,0.0
logic,moral_scenarios_test_212,S,0.4,0.0
logic,moral_scenarios_test_821,D,0.0,0.9
logic,moral_scenarios_test_821,V,0.6,0.8
logic,moral_scenarios_test_821,K,0.0,0.0
logic,moral_scenarios_test_821,S,0.0,0.0
logic,moral_scenarios_test_402,D,0.2,1.0
logic,moral_scenarios_test_402,V,0.7,0.7
logic,moral_scenarios_test_402,K,0.3,0.0
logic,moral_scenarios_test_402,S,0.4,0.0
logic,logical_fallacies_test_4,D,0.2,0.1
logic,logical_fallacies_test_4,V,0.7,0.9
logic,logical_fallacies_test_4,K,0.5,0.6
logic,logical_fallacies_test_4,S,0.2,0.1
logic,moral_scenarios_test_77,D,0.2,1.0
logic,moral_scenarios_test_77,V,0.7,0.7
logic,moral_scenarios_test_77,K,0.3,0.0
logic,moral_scenarios_test_77,S,0.5,0.0
logic,moral_scenarios_test_820,D,0.2,0.9
logic,moral_scenarios_test_820,V,0.7,0.8
logic,moral_scenarios_test_820,K,0.3,0.0
logic,moral_scenarios_test_820,S,0.4,0.1
logic,moral_scenarios_test_647,D,0.0,0.9
logic,moral_scenarios_test_647,V,0.6,0.7
logic,moral_scenarios_test_647,K,0.0,0.0
logic,moral_scenarios_test_647,S,0.0,0.0
logic,moral_scenarios_test_493,D,0.0,0.9
logic,moral_scenarios_test_493,V,0.7,0.8
logic,moral_scenarios_test_493,K,0.0,0.1
logic,moral_scenarios_test_493,S,0.0,0.1
logic,moral_scenarios_test_627,D,0.2,1.0
logic,moral_scenarios_test_627,V,0.7,0.7
logic,moral_scenarios_test_627,K,0.3,0.1
logic,moral_scenarios_test_627,S,0.5,0.0
logic,philosophy_test_137,D,0.2,0.0
logic,philosophy_test_137,V,0.7,0.7
logic,philosophy_test_137,K,0.8,0.7
logic,philosophy_test_137,S,0.1,0.0
logic,moral_scenarios_test_741,D,0.2,0.9
logic,moral_scenarios_test_741,V,0.7,0.7
logic,moral_scenarios_test_741,K,0.3,0.0
logic,moral_scenarios_test_741,S,0.4,0.0
logic,logical_fallacies_test_88,D,0.2,0.1
logic,logical_fallacies_test_88,V,0.7,0.8
logic,logical_fallacies_test_88,K,0.5,0.7
logic,logical_fallacies_test_88,S,0.3,0.1
logic,moral_scenarios_test_252,D,0.0,1.0
logic,moral_scenarios_test_252,V,0.6,0.7
logic,moral_scenarios_test_252,K,0.0,0.0
logic,moral_scenarios_test_252,S,0.0,0.0
logic,logical_fallacies_test_30,D,0.2,0.1
logic,logical_fallacies_test_30,V,0.7,0.8
logic,logical_fallacies_test_30,K,0.5,0.7
logic,logical_fallacies_test_30,S,0.2,0.1
logic,moral_scenarios_test_327,D,0.2,0.9
logic,moral_scenarios_test_327,V,0.7,0.8
logic,moral_scenarios_test_327,K,0.3,0.0
logic,moral_scenarios_test_327,S,0.4,0.0
logic,moral_scenarios_test_40,D,0.2,0.9
logic,moral_scenarios_test_40,V,0.7,0.8
logic,moral_scenarios_test_40,K,0.3,0.1
logic,moral_scenarios_test_40,S,0.4,0.0
logic,moral_scenarios_validation_38,D,0.2,0.9
logic,moral_scenarios_validation_38,V,0.7,0.8
logic,moral_scenarios_validation_38,K,0.3,0.0
logic,moral_scenarios_validation_38,S,0.4,0.0
long_context,quality_train_1376,D,0.7,0.4
long_context,quality_train_1376,V,0.7,0.8
long_context,quality_train_1376,K,0.3,0.0
long_context,quality_train_1376,S,0.2,0.0
long_context,quality_train_1862,D,0.2,0.3
long_context,quality_train_1862,V,0.7,0.8
long_context,quality_train_1862,K,0.0,0.0
long_context,quality_train_1862,S,0.1,0.1
long_context,quality_train_1652,D,0.2,0.1
long_context,quality_train_1652,V,0.7,0.7
long_context,quality_train_1652,K,0.3,0.0
long_context,quality_train_1652,S,0.1,0.4
long_context,quality_train_46,D,0.2,0.3
long_context,quality_train_46,V,0.7,0.7
long_context,quality_train_46,K,0.3,0.0
long_context,quality_train_46,S,0.2,0.2
long_context,quality_train_1441,D,0.7,0.3
long_context,quality_train_1441,V,0.7,0.8
long_context,quality_train_1441,K,0.3,0.0
long_context,quality_train_1441,S,0.2,0.0
long_context,quality_train_1297,D,0.2,0.3
long_context,quality_train_1297,V,0.7,0.9
long_context,quality_train_1297,K,0.3,0.0
long_context,quality_train_1297,S,0.2,0.2
long_context,quality_train_2312,D,0.2,0.2
long_context,quality_train_2312,V,0.7,0.7
long_context,quality_train_2312,K,0.3,0.0
long_context,quality_train_2312,S,0.4,0.1
long_context,quality_train_1046,D,0.2,0.3
long_context,quality_train_1046,V,0.7,0.8
long_context,quality_train_1046,K,0.3,0.0
long_context,quality_train_1046,S,0.4,0.1
long_context,quality_train_2022,D,0.2,0.3
long_context,quality_train_2022,V,0.7,0.8
long_context,quality_train_2022,K,0.3,0.0
long_context,quality_train_2022,S,0.4,0.4
long_context,quality_train_1646,D,0.7,0.3
long_context,quality_train_1646,V,0.7,0.8
long_context,quality_train_1646,K,0.3,0.0
long_context,quality_train_1646,S,0.2,0.1
long_context,quality_train_1209,D,0.2,0.6
long_context,quality_train_1209,V,0.7,0.9
long_context,quality_train_1209,K,0.3,0.0
long_context,quality_train_1209,S,0.1,0.1
long_context,quality_train_1308,D,0.2,0.1
long_context,quality_train_1308,V,0.7,0.7
long_context,quality_train_1308,K,0.3,0.0
long_context,quality_train_1308,S,0.4,0.4
long_context,quality_train_1401,D,0.2,0.4
long_context,quality_train_1401,V,0.7,0.7
long_context,quality_train_1401,K,0.3,0.0
long_context,quality_train_1401,S,0.1,0.0
long_context,quality_train_2300,D,0.2,0.3
long_context,quality_train_2300,V,0.7,0.8
long_context,quality_train_2300,K,0.3,0.0
long_context,quality_train_2300,S,0.1,0.1
long_context,quality_train_909,D,0.2,0.5
long_context,quality_train_909,V,0.7,0.9
long_context,quality_train_909,K,0.3,0.0
long_context,quality_train_909,S,0.1,0.0
long_context,quality_train_542,D,0.2,0.3
long_context,quality_train_542,V,0.7,0.9
long_context,quality_train_542,K,0.3,0.0
long_context,quality_train_542,S,0.1,0.0
long_context,quality_train_2486,D,0.2,0.2
long_context,quality_train_2486,V,0.7,0.7
long_context,quality_train_2486,K,0.3,0.0
long_context,quality_train_2486,S,0.1,0.1
long_context,quality_train_1510,D,0.2,0.6
long_context,quality_train_1510,V,0.7,0.7
long_context,quality_train_1510,K,0.0,0.0
long_context,quality_train_1510,S,0.1,0.5
long_context,quality_train_1506,D,0.7,0.3
long_context,quality_train_1506,V,0.7,0.8
long_context,quality_train_1506,K,0.3,0.0
long_context,quality_train_1506,S,0.2,0.1
long_context,quality_train_1317,D,0.2,0.3
long_context,quality_train_1317,V,0.7,0.7
long_context,quality_train_1317,K,0.3,0.0
long_context,quality_train_1317,S,0.2,0.4
long_context,quality_train_812,D,0.7,0.3
long_context,quality_train_812,V,0.7,0.9
long_context,quality_train_812,K,0.3,0.0
long_context,quality_train_812,S,0.2,0.5
long_context,quality_train_1064,D,0.2,0.3
long_context,quality_train_1064,V,0.7,0.9
long_context,quality_train_1064,K,0.3,0.0
long_context,quality_train_1064,S,0.1,0.2
long_context,quality_train_1524,D,0.2,0.3
long_context,quality_train_1524,V,0.7,0.9
long_context,quality_train_1524,K,0.3,0.0
long_context,quality_train_1524,S,0.2,0.1
long_context,quality_train_712,D,0.2,0.2
long_context,quality_train_712,V,0.7,0.8
long_context,quality_train_712,K,0.4,0.0
long_context,quality_train_712,S,0.2,0.0
long_context,quality_train_922,D,0.5,0.3
long_context,quality_train_922,V,0.7,0.9
long_context,quality_train_922,K,0.3,0.0
long_context,quality_train_922,S,0.2,0.1
long_context,quality_train_1903,D,0.2,0.3
long_context,quality_train_1903,V,0.7,0.9
long_context,quality_train_1903,K,0.3,0.0
long_context,quality_train_1903,S,0.4,0.5
long_context,quality_train_617,D,0.2,0.3
long_context,quality_train_617,V,0.7,0.8
long_context,quality_train_617,K,0.3,0.0
long_context,quality_train_617,S,0.2,0.1
long_context,quality_train_1965,D,0.2,0.2
long_context,quality_train_1965,V,0.7,0.7
long_context,quality_train_1965,K,0.3,0.1
long_context,quality_train_1965,S,0.4,0.1
long_context,quality_train_1878,D,0.2,0.3
long_context,quality_train_1878,V,0.7,0.9
long_context,quality_train_1878,K,0.3,0.0
long_context,quality_train_1878,S,0.1,0.1
long_context,quality_train_916,D,0.7,0.3
long_context,quality_train_916,V,0.7,0.7
long_context,quality_train_916,K,0.3,0.0
long_context,quality_train_916,S,0.2,0.0
long_context,quality_train_1610,D,0.2,0.3
long_context,quality_train_1610,V,0.7,0.7
long_context,quality_train_1610,K,0.3,0.0
long_context,quality_train_1610,S,0.2,0.3
long_context,quality_train_1974,D,0.2,0.3
long_context,quality_train_1974,V,0.7,0.8
long_context,quality_train_1974,K,0.3,0.0
long_context,quality_train_1974,S,0.1,0.0
long_context,quality_train_186,D,0.4,0.3
long_context,quality_train_186,V,0.7,0.7
long_context,quality_train_186,K,0.2,0.0
long_context,quality_train_186,S,0.2,0.0
long_context,quality_train_1108,D,0.2,0.2
long_context,quality_train_1108,V,0.7,0.9
long_context,quality_train_1108,K,0.3,0.0
long_context,quality_train_1108,S,0.2,0.1
long_context,quality_train_1325,D,0.2,0.3
long_context,quality_train_1325,V,0.7,0.8
long_context,quality_train_1325,K,0.3,0.0
long_context,quality_train_1325,S,0.1,0.3
long_context,quality_train_1659,D,0.2,0.3
long_context,quality_train_1659,V,0.7,0.8
long_context,quality_train_1659,K,0.3,0.0
long_context,quality_train_1659,S,0.4,0.5
long_context,quality_train_1436,D,0.7,0.3
long_context,quality_train_1436,V,0.7,0.8
long_context,quality_train_1436,K,0.2,0.0
long_context,quality_train_1436,S,0.3,0.1
long_context,quality_train_1972,D,0.2,0.3
long_context,quality_train_1972,V,0.7,0.8
long_context,quality_train_1972,K,0.3,0.0
long_context,quality_train_1972,S,0.1,0.2
long_context,quality_train_402,D,0.2,0.5
long_context,quality_train_402,V,0.7,0.8
long_context,quality_train_402,K,0.3,0.0
long_context,quality_train_402,S,0.1,0.0
long_context,quality_train_634,D,0.7,0.3
long_context,quality_train_634,V,0.7,0.9
long_context,quality_train_634,K,0.0,0.0
long_context,quality_train_634,S,0.2,0.0
long_context,quality_train_1590,D,0.2,0.3
long_context,quality_train_1590,V,0.7,0.8
long_context,quality_train_1590,K,0.3,0.0
long_context,quality_train_1590,S,0.2,0.3
long_context,quality_train_2176,D,0.2,0.4
long_context,quality_train_2176,V,0.7,0.9
long_context,quality_train_2176,K,0.3,0.0
long_context,quality_train_2176,S,0.1,0.3
long_context,quality_train_2243,D,0.2,0.3
long_context,quality_train_2243,V,0.7,0.9
long_context,quality_train_2243,K,0.3,0.0
long_context,quality_train_2243,S,0.1,0.0
long_context,quality_train_1060,D,0.2,0.3
long_context,quality_train_1060,V,0.7,0.9
long_context,quality_train_1060,K,0.3,0.0
long_context,quality_train_1060,S,0.1,0.1
long_context,quality_train_1147,D,0.2,0.4
long_context,quality_train_1147,V,0.7,0.9
long_context,quality_train_1147,K,0.3,0.0
long_context,quality_train_1147,S,0.1,0.1
long_context,quality_train_1083,D,0.2,0.2
long_context,quality_train_1083,V,0.7,0.9
long_context,quality_train_1083,K,0.3,0.0
long_context,quality_train_1083,S,0.1,0.1
long_context,quality_train_1502,D,0.5,0.3
long_context,quality_train_1502,V,0.7,0.8
long_context,quality_train_1502,K,0.0,0.0
long_context,quality_train_1502,S,0.2,0.5
long_context,quality_train_1427,D,0.2,0.5
long_context,quality_train_1427,V,0.7,0.8
long_context,quality_train_1427,K,0.3,0.0
long_context,quality_train_1427,S,0.1,0.1
long_context,quality_train_964,D,0.2,0.3
long_context,quality_train_964,V,0.7,0.8
long_context,quality_train_964,K,0.3,0.0
long_context,quality_train_964,S,0.1,0.1
long_context,quality_train_1177,D,0.2,0.4
long_context,quality_train_1177,V,0.7,0.9
long_context,quality_train_1177,K,0.3,0.0
long_context,quality_train_1177,S,0.2,0.0
